Message ID,Date,Event,Instrument,Action,Transect,Station,Cast,Latitude,Longitude,Seafloor,Author,Comment,Cruise,R2R_Event,dateTimeUTC,GPS_Time,dateTime8601,Revisions
1,"Wed, 20 Apr 2022 09:07:21 +0000",20220420.0907.001,Transmissometer 10cm,calibrate,NaN,NaN,NaN,41.524024,-70.672274,,eCheung1,,ar66b,20220420.0907.001,20220420.09,20-04-22 09:07,2022-04-20T09:07:21+00:00,
2,"Wed, 20 Apr 2022 09:07:35 +0000",20220420.0907.002,Transmissometer 25cm,calibrate,NaN,NaN,NaN,41.524024,-70.672274,,eCheung1,,ar66b,20220420.0907.002,20220420.09,20-04-22 09:07,2022-04-20T09:07:35+00:00,
3,"Wed, 20 Apr 2022 10:12:37 +0000",20220420.1012.001,Valeport SVS,start,NaN,NaN,NaN,41.515679,-70.671374,,cCarlin1,,ar66b,20220420.1012.001,20220420.1,20-04-22 10:12,2022-04-20T10:12:37+00:00,
4,"Wed, 20 Apr 2022 10:18:18 +0000",20220420.1012.002,UHDAS,start,NaN,NaN,NaN,41.500462,-70.671768,,eCheung1,,ar66b,20220420.1012.002,20220420.1,20-04-22 10:18,2022-04-20T10:18:18+00:00,
5,"Wed, 20 Apr 2022 10:26:36 +0000",20220420.1026.001,Knudsen 3260,start,NaN,NaN,NaN,41.480474,-70.696856,,eCheung1,,ar66b,20220420.1026.001,20220420.1,20-04-22 10:26,2022-04-20T10:26:36+00:00,
6,"Wed, 20 Apr 2022 10:51:21 +0000",20220420.1051.001,Underway Science seawater,start,NaN,NaN,NaN,41.438923,-70.775121,,eCheung1,,ar66b,20220420.1051.001,20220420.11,20-04-22 10:51,2022-04-20T10:51:21+00:00,
7,"Wed, 20 Apr 2022 10:51:36 +0000",20220420.1051.002,PCO2,start,NaN,NaN,NaN,41.438512,-70.775942,,eCheung1,,ar66b,20220420.1051.002,20220420.11,20-04-22 10:51,2022-04-20T10:51:36+00:00,
8,"Wed, 20 Apr 2022 12:06:39 +0000",20220420.1205.001,Fluorometer,start,NaN,NaN,NaN,41.30844,-70.904312,,eCheung1,Fixed wiring issue with fluorometer. FLR data prior to this log is invalid.,ar66b,20220420.1205.001,20220420.12,20-04-22 12:06,2022-04-20T12:06:39+00:00,
9,"Wed, 20 Apr 2022 12:06:42 +0000",20220420.1206.001,Fluorometer,start,NaN,NaN,NaN,41.308348,-70.904283,,eCheung1,Fixed wiring issue with fluorometer. FLR data prior to this log is invalid.,ar66b,ar66b-SE-20220420.1206.001,20220420.12,20-04-22 12:06,2022-04-20T12:06:42+00:00,
10,"Wed, 20 Apr 2022 13:17:45 +0000",20220420.1317.001,Underway Science Seawater Diaphragm Pump,IFCB Discrete,NaN,NaN,UW1,41.140323,-70.882374,,tCrockford1,run on both 109 and 102,ar66b,20220420.1317.001,20220420.13,20-04-22 13:17,2022-04-20T13:17:45+00:00,
11,"Wed, 20 Apr 2022 14:26:26 +0000",20220420.1425.001,CTD911,deploy,NaN,L2,001,41.030755,-70.882501,47,pMarrec1,NES-LTER Cast,ar66b,20220420.1425.001,20220420.14,20-04-22 14:26,2022-04-20T14:26:26+00:00, & Tue Apr 26 01:47:25 2022 & Tue Apr 26 18:56:44 2022
12,"Wed, 20 Apr 2022 14:39:59 +0000",20220420.1437.001,CTD911,recover,NaN,L2,001,41.030688,-70.882505,47,aReed1,NES-LTER Cast,ar66b,20220420.1437.001,20220420.14,20-04-22 14:40,2022-04-20T14:39:59+00:00, & Wed Apr 20 19:43:16 2022
13,"Wed, 20 Apr 2022 16:07:36 +0000",20220420.1606.001,Incubation Grazing,start,NaN,L2,001,41.031744,-70.882338,,pMarrec1,,ar66b,20220420.1606.001,20220420.15,20-04-22 15:35,2022-04-20T15:35:56+00:00,
15,"Wed, 20 Apr 2022 17:06:38 +0000",20220420.1706.002,CTD911,deploy,NaN,L3,002,40.862952,-70.883077,56,aReed1,NES-LTER Cast,ar66b,ar66b-SE-20220420.1706.001,20220420.17,20-04-22 17:06,2022-04-20T17:06:38+00:00, & Wed Apr 20 19:43:31 2022
16,"Wed, 20 Apr 2022 17:13:14 +0000",20220420.1706.003,CTD911,maxDepth,NaN,L3,002,40.862962,-70.883084,56,aReed1,NES-LTER Cast - Max Depth 51m,ar66b,20220420.1706.002,20220420.17,20-04-22 17:13,2022-04-20T17:13:14+00:00, & Wed Apr 20 19:43:46 2022 & Tue Apr 26 01:47:58 2022
17,"Wed, 20 Apr 2022 17:25:19 +0000",20220420.1713.001,CTD911,recover,NaN,L3,002,40.862952,-70.883125,56,aReed1,NES-LTER Cast,ar66b,20220420.1713.001,20220420.17,20-04-22 17:25,2022-04-20T17:25:19+00:00, & Wed Apr 20 19:44:00 2022
18,"Wed, 20 Apr 2022 18:32:10 +0000",20220420.1830.001,Ring Net,deploy,NaN,L3,R002,40.862962,-70.883101,54,pMarrec1,Target Depth 52m,ar66b,20220420.1830.001,20220420.17,20-04-22 17:35,2022-04-20T17:35:00+00:00, & Thu Apr 21 19:10:00 2022 & Tue Apr 26 23:42:15 2022
19,"Wed, 20 Apr 2022 19:20:37 +0000",20220420.1918.001,CTD911,deploy,NaN,L4,003,40.696719,-70.882257,66,aReed1,NES-LTER Cast,ar66b,20220420.1918.001,20220420.19,20-04-22 19:20,2022-04-20T19:20:37+00:00,
20,"Wed, 20 Apr 2022 19:25:08 +0000",20220420.1920.001,CTD911,maxDepth,NaN,L4,003,40.696683,-70.88228,66,aReed1,NES-LTER Cast - Max Depth 60m,ar66b,20220420.1920.001,20220420.19,20-04-22 19:25,2022-04-20T19:25:08+00:00, & Tue Apr 26 01:49:08 2022
21,"Wed, 20 Apr 2022 19:39:32 +0000",20220420.1925.001,CTD911,recover,NaN,L4,003,40.696679,-70.882268,66,aReed1,NES-LTER Cast,ar66b,20220420.1925.001,20220420.19,20-04-22 19:39,2022-04-20T19:39:32+00:00,
22,"Wed, 20 Apr 2022 20:14:31 +0000",20220420.2014.001,Incubation Grazing,start,NaN,L4,003,40.696696,-70.882265,,pMarrec1,,ar66b,20220420.2014.001,20220420.2,20-04-22 20:14,2022-04-20T20:14:31+00:00,
23,"Wed, 20 Apr 2022 21:39:42 +0000",20220420.2134.001,CTD911,deploy,NaN,L5,004,40.512611,-70.882174,77,aReed1,NES-LTER Cast & Acoustic Release Test,ar66b,20220420.2134.001,20220420.21,20-04-22 21:39,2022-04-20T21:39:42+00:00,
24,"Wed, 20 Apr 2022 21:48:07 +0000",20220420.2141.001,CTD911,maxDepth,NaN,L5,004,40.51254,-70.882169,77,aReed1,NES-LTER Cast & Acoustic Release Test - Max Depth 70m,ar66b,20220420.2141.001,20220420.21,20-04-22 21:48,2022-04-20T21:48:07+00:00, & Tue Apr 26 01:50:29 2022
25,"Wed, 20 Apr 2022 22:06:21 +0000",20220420.2154.001,Other,other,NaN,L5,004,40.512535,-70.882172,77,aReed1,Acoustic Release Test 50460 & 46252,ar66b,20220420.2154.001,20220420.22,20-04-22 22:06,2022-04-20T22:06:21+00:00, & Thu Apr 21 15:08:58 2022
26,"Wed, 20 Apr 2022 22:20:11 +0000",20220420.2206.001,CTD911,recover,NaN,L5,004,40.512538,-70.882148,77,aReed1,NES-LTER Cast & Acoustic Release Test,ar66b,20220420.2206.001,20220420.22,20-04-22 22:20,2022-04-20T22:20:11+00:00,
27,"Wed, 20 Apr 2022 22:29:14 +0000",20220420.2221.001,Ring Net,deploy,NaN,L5,R004,40.512558,-70.882168,75,aReed1,Target Depth 73m,ar66b,20220420.2221.001,20220420.22,20-04-22 22:29,2022-04-20T22:29:14+00:00, & Wed Apr 20 23:03:49 2022 & Tue Apr 26 23:42:36 2022
28,"Wed, 20 Apr 2022 22:35:30 +0000",20220420.2229.001,Ring Net,recover,NaN,L5,R004,40.512535,-70.882172,75,aReed1,Target Depth 73m,ar66b,20220420.2229.001,20220420.22,20-04-22 22:35,2022-04-20T22:35:30+00:00, & Wed Apr 20 23:04:06 2022 & Tue Apr 26 23:43:04 2022
29,"Wed, 20 Apr 2022 23:13:40 +0000",20220420.2313.001,EK80 broadband,start,NES-LTER 5 to Offshore,NaN,NaN,40.51252,-70.882176,,aReed1,150 kHz K-synced with ADCP; transit at 6 knots,ar66b,ar66b-SE-20220420.2313.001,20220420.23,20-04-22 23:13,2022-04-20T23:13:40+00:00,
30,"Thu, 21 Apr 2022 00:59:56 +0000",20220421.0056.001,CTD911,deploy,NaN,IS - L6,005,40.363391,-70.885941,97,aReed1,Inshore Station & NES-LTER Cast,ar66b,20220421.0056.001,20220421.01,21-04-22 01:00,2022-04-21T00:59:56+00:00, & Tue Apr 26 01:53:17 2022 & Tue Apr 26 12:58:49 2022 & Tue Apr 26 13:22:37 2022
31,"Thu, 21 Apr 2022 01:14:29 +0000",20220421.0059.001,CTD911,recover,NaN,IS - L6,005,40.363375,-70.885948,97,aReed1,Inshore Station & NES-LTER Cast,ar66b,20220421.0059.001,20220421.01,21-04-22 01:14,2022-04-21T01:14:29+00:00, & Tue Apr 26 01:53:38 2022 & Tue Apr 26 12:59:08 2022 & Tue Apr 26 13:22:48 2022
32,"Thu, 21 Apr 2022 10:25:46 +0000",20220421.1025.001,EK80 broadband,stop,NaN,NaN,NaN,39.942045,-70.881928,,eCheung1,EK80 secured,ar66b,20220421.1025.001,20220421.05,21-04-22 05:34,2022-04-21T05:34:00+00:00,
33,"Thu, 21 Apr 2022 14:27:18 +0000",20220421.1420.001,Underway Science Seawater Diaphragm Pump,DO Discrete,NaN,L10,NaN,39.935399,-70.879308,,blongworth,triplicate t=16.71 bottles F26 F27 F28,ar66b,20220421.1420.001,20220421.14,21-04-22 14:27,2022-04-21T14:27:18+00:00, & Sat Apr 23 14:04:39 2022
34,"Thu, 21 Apr 2022 14:29:45 +0000",20220421.1427.001,Underway Science Seawater Diaphragm Pump,TOI Discrete,NaN,NaN,NaN,41.030657,-70.882498,,blongworth,TOI bottle 533,ar66b,20220421.1427.001,20220420.14,20-04-22 14:33,2022-04-20T14:33:00+00:00,
35,"Thu, 21 Apr 2022 14:31:36 +0000",20220421.1430.001,Underway Science Seawater Diaphragm Pump,TOI Discrete,NaN,NaN,NaN,40.696681,-70.882268,,blongworth,TOI bottle 770,ar66b,20220421.1430.001,20220420.19,20-04-22 19:37,2022-04-20T19:37:00+00:00,
36,"Thu, 21 Apr 2022 14:34:03 +0000",20220421.1433.001,Incubation Grazing,stop,NaN,L2,001,39.934293,-70.878808,,pMarrec1,,ar66b,20220421.1433.001,20220421.14,21-04-22 14:34,2022-04-21T14:34:03+00:00,
37,"Thu, 21 Apr 2022 14:35:12 +0000",20220421.1435.001,CPM,deploy,NaN,OSPM-16,NaN,39.93531,-70.879269,,aReed1,OSPM-00016 anchor drop,ar66b,ar66b-SE-20220421.1435.001,20220421.14,21-04-22 14:28,2022-04-21T14:28:00+00:00, & Tue Apr 26 12:32:29 2022 & Tue Apr 26 12:39:50 2022 & Tue Apr 26 12:59:26 2022
38,"Thu, 21 Apr 2022 15:00:12 +0000",20220421.1458.001,CTD911,deploy,NaN,OS,006,39.9399,-70.88143,446,aReed1,OSMP-00015 & OSPM-00016 Validation Cast,ar66b,20220421.1458.001,20220421.15,21-04-22 15:00,2022-04-21T15:00:12+00:00, & Tue Apr 26 12:33:16 2022 & Tue Apr 26 12:59:39 2022
39,"Thu, 21 Apr 2022 15:14:24 +0000",20220421.1514.001,CTD911,maxDepth,NaN,OS,006,39.939925,-70.881101,446,aReed1,OSMP-00015 & OSPM-00016 Validation Cast - Max Depth 440m,ar66b,ar66b-SE-20220421.1514.001,20220421.15,21-04-22 15:14,2022-04-21T15:14:24+00:00, & Tue Apr 26 01:54:39 2022 & Tue Apr 26 12:33:35 2022 & Tue Apr 26 12:59:50 2022
40,"Thu, 21 Apr 2022 15:46:27 +0000",20220421.1523.001,CTD911,recover,NaN,OS,006,39.939992,-70.880143,446,aReed1,OSMP-00015 & OSPM-00016 Validation Cast,ar66b,20220421.1523.001,20220421.15,21-04-22 15:46,2022-04-21T15:46:27+00:00, & Tue Apr 26 12:33:54 2022 & Tue Apr 26 13:00:04 2022
41,"Thu, 21 Apr 2022 15:52:24 +0000",20220421.1546.001,Ring Net,deploy,NaN,L10,R006,39.940094,-70.87972,443,aReed1,Target Depth 200m,ar66b,20220421.1546.001,20220421.16,21-04-22 15:52,2022-04-21T15:52:24+00:00, & Thu Apr 21 19:09:25 2022 & Tue Apr 26 12:34:09 2022 & Tue Apr 26 23:43:24 2022
42,"Thu, 21 Apr 2022 17:04:07 +0000",20220421.1703.001,Incubation Grazing,start,NaN,L10,006,39.947059,-70.881113,,pMarrec1,,ar66b,20220421.1703.001,20220421.17,21-04-22 17:04,2022-04-21T17:04:07+00:00,
43,"Thu, 21 Apr 2022 17:32:20 +0000",20220421.1730.001,Underway Science Seawater Diaphragm Pump,TOI Discrete,NaN,NaN,NaN,39.939988,-70.880305,,blongworth,TOI bottle 507,ar66b,20220421.1730.001,20220421.15,21-04-22 15:40,2022-04-21T15:40:00+00:00,
44,"Thu, 21 Apr 2022 17:55:10 +0000",20220421.1754.001,Underway Science Seawater Diaphragm Pump,FCM Discrete,NaN,NaN,UW2,39.941759,-70.870414,,tCrockford1,discrete run on attune IFCB115 already running as uw comparrison,ar66b,20220421.1754.001,20220421.18,21-04-22 17:55,2022-04-21T17:55:10+00:00,
45,"Thu, 21 Apr 2022 18:53:41 +0000",20220421.1849.001,Attune,start,NaN,NaN,NaN,41.292473,-70.901503,,tCrockford1,,ar66b,20220421.1849.001,20220420.12,20-04-22 12:13,2022-04-20T12:13:00+00:00,
46,"Thu, 21 Apr 2022 18:55:13 +0000",20220421.1853.001,IFCB ,start,NaN,NaN,NaN,41.413506,-70.826357,,tCrockford1,IFCB115,ar66b,20220421.1853.001,20220420.11,20-04-22 11:08,2022-04-20T11:08:00+00:00,
47,"Thu, 21 Apr 2022 18:55:59 +0000",20220421.1855.001,SUNA V2,onCTD,NaN,NaN,NaN,41.473869,-70.708809,,tCrockford1,,ar66b,20220421.1855.001,20220420.1,20-04-22 10:30,2022-04-20T10:30:08+00:00,
48,"Thu, 21 Apr 2022 19:02:34 +0000",20220421.1901.001,Ring Net,recover,NaN,L3,R002,40.862958,-70.883084,54,tCrockford1,Target Depth 52m,ar66b,20220421.1901.001,20220420.17,20-04-22 17:40,2022-04-20T17:40:00+00:00, & Thu Apr 21 19:07:41 2022 & Thu Apr 21 19:08:06 2022 & Thu Apr 21 19:10:12 2022 & Tue Apr 26 23:43:43 2022
49,"Thu, 21 Apr 2022 19:06:43 +0000",20220421.1906.001,Ring Net,recover,OSPM,L10,R006,39.942374,-70.878484,443,tCrockford1,Target Depth 200m,ar66b,20220421.1906.001,20220421.16,21-04-22 16:07,2022-04-21T16:07:00+00:00, & Thu Apr 21 19:08:45 2022 & Thu Apr 21 19:09:13 2022 & Tue Apr 26 23:44:05 2022
50,"Thu, 21 Apr 2022 20:07:19 +0000",20220421.2006.001,CPM,recover,NaN,OSPM-15,NaN,39.942914,-70.886994,,aReed1,Recovery of OSPM-00015; anchor time on deck,ar66b,20220421.2006.001,20220421.2,21-04-22 20:07,2022-04-21T20:07:19+00:00, & Tue Apr 26 12:34:57 2022 & Tue Apr 26 13:01:20 2022
51,"Thu, 21 Apr 2022 20:33:44 +0000",20220421.2033.001,Incubation Grazing,stop,NaN,L4,003,39.939402,-70.883498,,pMarrec1,,ar66b,20220421.2033.001,20220421.2,21-04-22 20:33,2022-04-21T20:33:44+00:00,
52,"Thu, 21 Apr 2022 23:09:23 +0000",20220421.2307.001,Slocum Glider,recover,NaN,NaN,NaN,39.85494,-70.620146,748,aReed1,Recovery of 1000m glider 379,ar66b,20220421.2307.001,20220421.23,21-04-22 23:03,2022-04-21T23:03:00+00:00,
53,"Thu, 21 Apr 2022 23:14:42 +0000",20220421.2310.001,CTD911,deploy,NaN,Glider 379,007,39.854296,-70.619444,748,aReed1,Validation cast for Glider 379 recovery,ar66b,20220421.2310.001,20220421.23,21-04-22 23:14,2022-04-21T23:14:42+00:00, & Tue Apr 26 12:35:16 2022
54,"Thu, 21 Apr 2022 23:37:59 +0000",20220421.2337.001,CTD911,maxDepth,NaN,Glider 379,007,39.854529,-70.617965,752,aReed1,Validation cast for Glider 379 recovery - Max depth 742m,ar66b,20220421.2337.001,20220421.23,21-04-22 23:38,2022-04-21T23:37:59+00:00, & Tue Apr 26 02:35:16 2022 & Tue Apr 26 12:35:32 2022
55,"Fri, 22 Apr 2022 00:03:56 +0000",20220421.2338.001,CTD911,recover,NaN,Glider 379,007,39.855021,-70.614955,755,aReed1,Validation cast for Glider 379 recovery,ar66b,20220421.2338.001,20220422,22-04-22 00:03,2022-04-22T00:03:56+00:00, & Tue Apr 26 12:35:46 2022
56,"Fri, 22 Apr 2022 01:46:54 +0000",20220422.0146.001,CTD911,deploy,NaN,L11,008,39.773272,-70.881939,1586,pMarrec1,NES-LTER station L11,ar66b,20220422.0146.001,20220422.01,22-04-22 01:48,2022-04-22T01:48:54+00:00, & Tue Apr 26 01:57:46 2022
57,"Fri, 22 Apr 2022 02:01:35 +0000",20220422.0201.001,CTD911,maxDepth,NaN,L11,008,39.773633,-70.880036,1570,pMarrec1,NES-LTER station L11 - Max depth 503m,ar66b,20220422.0201.001,20220422.02,22-04-22 02:01,2022-04-22T02:01:35+00:00, & Tue Apr 26 01:59:52 2022
58,"Fri, 22 Apr 2022 02:15:39 +0000",20220422.0215.001,EK80 broadband,start,NaN,NaN,NaN,39.774301,-70.877318,,cCarlin1,,ar66b,20220422.0215.001,20220422.02,22-04-22 02:15,2022-04-22T02:15:39+00:00,
59,"Fri, 22 Apr 2022 02:26:54 +0000",20220422.0226.001,CTD911,recover,NaN,L11,008,39.775082,-70.874627,1554,pMarrec1,NES-LTER station L11,ar66b,20220422.0226.001,20220422.02,22-04-22 02:26,2022-04-22T02:26:54+00:00, & Tue Apr 26 02:01:48 2022
60,"Fri, 22 Apr 2022 03:57:47 +0000",20220422.0356.001,Underway Science Seawater Diaphragm Pump,TOI Discrete,NaN,NaN,NaN,39.775284,-70.873912,,blongworth,TOI bottle 659,ar66b,20220422.0356.001,20220422.02,22-04-22 02:30,2022-04-22T02:30:00+00:00,
61,"Fri, 22 Apr 2022 04:47:36 +0000",20220422.0447.001,PCO2,other,NaN,NaN,NaN,39.773214,-70.774937,,cCarlin1,restarted pc02 to adjust standard flow rates,ar66b,20220422.0447.001,20220422.04,22-04-22 04:47,2022-04-22T04:47:36+00:00,
62,"Fri, 22 Apr 2022 06:05:44 +0000",20220422.0604.001,CTD911,deploy,NaN,u11a,009,39.773313,-70.775048,1660,blongworth,NES-LTER Cast,ar66b,20220422.0604.001,20220422.04,22-04-22 04:46,2022-04-22T04:46:00+00:00, & Fri Apr 22 06:07:17 2022 & Tue Apr 26 18:55:08 2022 & Tue Apr 26 18:57:04 2022
63,"Fri, 22 Apr 2022 06:09:37 +0000",20220422.0607.001,CTD911,maxDepth,NaN,u11a,009,39.773166,-70.773715,1660,blongworth,max depth 500m,ar66b,20220422.0607.001,20220422.05,22-04-22 04:56,2022-04-22T04:56:00+00:00,
64,"Fri, 22 Apr 2022 06:11:06 +0000",20220422.0609.001,CTD911,recover,NaN,u11a,009,39.773688,-70.7705,1660,blongworth,NES-LTER Cast,ar66b,20220422.0609.001,20220422.05,22-04-22 05:10,2022-04-22T05:10:00+00:00, & Tue Apr 26 18:55:24 2022 & Tue Apr 26 18:59:44 2022
65,"Fri, 22 Apr 2022 06:29:40 +0000",20220422.0628.001,CTD911,deploy,NaN,d11a,010,39.773382,-70.991288,1580,pMarrec1,NES-LTER station d11a,ar66b,20220422.0628.001,20220422.06,22-04-22 06:29,2022-04-22T06:29:40+00:00, & Tue Apr 26 01:42:18 2022
66,"Fri, 22 Apr 2022 06:55:11 +0000",20220422.0654.001,CTD911,recover,NaN,d11a,010,39.7755,-70.983105,1559,pMarrec1,NES-LTER station d11a,ar66b,20220422.0654.001,20220422.07,22-04-22 06:55,2022-04-22T06:55:11+00:00, & Tue Apr 26 01:42:52 2022
67,"Fri, 22 Apr 2022 09:39:44 +0000",20220422.0939.001,EK80 broadband,other,NaN,NaN,NaN,39.941543,-70.769313,,eCheung1,start 5 minutes of passive mode,ar66b,20220422.0939.001,20220422.09,22-04-22 09:39,2022-04-22T09:39:44+00:00,
68,"Fri, 22 Apr 2022 09:44:56 +0000",20220422.0944.001,EK80 broadband,stop,NaN,NaN,NaN,39.941505,-70.769316,,eCheung1,,ar66b,20220422.0944.001,20220422.09,22-04-22 09:45,2022-04-22T09:44:56+00:00,
69,"Fri, 22 Apr 2022 09:47:49 +0000",20220422.0947.001,Knudsen 3260,start,NaN,NaN,NaN,39.941507,-70.769311,,eCheung1,,ar66b,20220422.0947.001,20220422.09,22-04-22 09:47,2022-04-22T09:47:49+00:00,
70,"Fri, 22 Apr 2022 09:47:52 +0000",20220422.0947.002,Knudsen 3260,start,NaN,NaN,NaN,39.941509,-70.769312,,eCheung1,,ar66b,ar66b-SE-20220422.0947.001,20220422.09,22-04-22 09:47,2022-04-22T09:47:52+00:00,
71,"Fri, 22 Apr 2022 09:50:05 +0000",20220422.0949.001,UHDAS,start,NaN,NaN,NaN,39.941506,-70.769314,,eCheung1,,ar66b,20220422.0949.001,20220422.1,22-04-22 09:50,2022-04-22T09:50:05+00:00,
72,"Fri, 22 Apr 2022 11:07:00 +0000",20220422.1105.001,Other,start,NaN,PMUO,NaN,39.941507,-70.769317,,aReed1,Acoustic Release Test 46253,ar66b,20220422.1105.001,20220422.1,22-04-22 10:30,2022-04-22T10:30:00+00:00, & Tue Apr 26 12:36:53 2022
73,"Fri, 22 Apr 2022 11:07:38 +0000",20220422.1107.001,Other,end,NaN,PMUO,NaN,39.941501,-70.769315,,aReed1,Acoustic Release Test 46253,ar66b,20220422.1107.001,20220422.11,22-04-22 11:05,2022-04-22T11:05:00+00:00, & Tue Apr 26 12:37:07 2022
74,"Fri, 22 Apr 2022 14:43:59 +0000",20220422.1438.001,CTD911,deploy,NaN,UO,011,39.939745,-70.77479,452,aReed1,PMUO-00018 & PMUO-00019 Validation Cast,ar66b,20220422.1438.001,20220422.14,22-04-22 14:44,2022-04-22T14:43:59+00:00, & Tue Apr 26 12:37:23 2022 & Tue Apr 26 13:04:20 2022
75,"Fri, 22 Apr 2022 14:56:32 +0000",20220422.1444.001,CTD911,maxDepth,NaN,UO,011,39.939737,-70.774802,452,aReed1,PMUO-00018 & PMUO-00019 Validation Cast - Max depth 447m,ar66b,20220422.1444.001,20220422.15,22-04-22 14:56,2022-04-22T14:56:32+00:00, & Tue Apr 26 02:38:20 2022 & Tue Apr 26 12:37:37 2022 & Tue Apr 26 12:37:43 2022 & Tue Apr 26 13:04:46 2022
76,"Fri, 22 Apr 2022 15:23:55 +0000",20220422.1456.001,CTD911,recover,NaN,UO,011,39.939747,-70.774818,452,aReed1,PMUO-00018 & PMUO-00019 Validation Cast,ar66b,20220422.1456.001,20220422.15,22-04-22 15:23,2022-04-22T15:23:55+00:00, & Tue Apr 26 02:37:31 2022 & Tue Apr 26 12:37:59 2022 & Tue Apr 26 13:04:57 2022
77,"Fri, 22 Apr 2022 20:04:01 +0000",20220422.2003.001,Underway Science Seawater Diaphragm Pump,FCM Discrete,NaN,NaN,UW3,39.935441,-70.768329,,tCrockford1,IFCB109,ar66b,20220422.2003.001,20220422.2,22-04-22 20:04,2022-04-22T20:04:01+00:00,
78,"Fri, 22 Apr 2022 20:04:27 +0000",20220422.2004.001,Underway Science Seawater Diaphragm Pump,IFCB Discrete,NaN,NaN,UW3,39.935442,-70.768319,,tCrockford1,IFCB109,ar66b,20220422.2004.001,20220422.2,22-04-22 20:04,2022-04-22T20:04:27+00:00,
79,"Fri, 22 Apr 2022 20:53:51 +0000",20220422.2052.001,CPM,deploy,NaN,PMUO-19,NaN,39.939345,-70.770971,453,aReed1,PMUO-00019 anchor drop,ar66b,20220422.2052.001,20220422.14,22-04-22 14:22,2022-04-22T14:22:00+00:00, & Tue Apr 26 12:38:45 2022 & Tue Apr 26 13:03:26 2022
80,"Fri, 22 Apr 2022 20:55:10 +0000",20220422.2053.001,CPM,recover,NaN,PMUO-18,NaN,39.9417,-70.781533,,aReed1,Recovery of PMUO-00018; anchor on deck time,ar66b,20220422.2053.001,20220422.18,22-04-22 18:33,2022-04-22T18:33:00+00:00, & Tue Apr 26 12:40:16 2022 & Tue Apr 26 13:03:37 2022
81,"Fri, 22 Apr 2022 21:07:06 +0000",20220422.2106.001,Underway Science Seawater Diaphragm Pump,FCM Discrete,NaN,NaN,UW4,40.027112,-70.828068,,tCrockford1,,ar66b,20220422.2106.001,20220422.21,22-04-22 21:07,2022-04-22T21:07:06+00:00,
82,"Fri, 22 Apr 2022 21:22:37 +0000",20220422.2122.001,Underway Science Seawater Diaphragm Pump,FCM Discrete,NaN,NaN,UW5,40.063911,-70.859509,,tCrockford1,,ar66b,20220422.2122.001,20220422.21,22-04-22 21:22,2022-04-22T21:22:37+00:00,
83,"Fri, 22 Apr 2022 21:45:22 +0000",20220422.2142.001,CTD911,deploy,NaN,L9,012,40.097652,-70.884847,149,aReed1,NES-LTER Cast & Acoustic Release Test,ar66b,20220422.2142.001,20220422.21,22-04-22 21:45,2022-04-22T21:45:22+00:00, & Tue Apr 26 12:40:56 2022
84,"Fri, 22 Apr 2022 21:53:02 +0000",20220422.2146.001,CTD911,maxDepth,NaN,L9,012,40.097503,-70.884868,149,aReed1,NES-LTER Cast & Acoustic Release Test - Max depth 141.5m,ar66b,20220422.2146.001,20220422.22,22-04-22 21:53,2022-04-22T21:53:02+00:00, & Tue Apr 26 02:39:37 2022 & Tue Apr 26 12:41:10 2022
85,"Fri, 22 Apr 2022 22:28:28 +0000",20220422.2226.001,CTD911,recover,NaN,L9,012,40.095919,-70.885056,149,aReed1,NES-LTER Cast & Acoustic Release Test,ar66b,20220422.2226.001,20220422.22,22-04-22 22:28,2022-04-22T22:28:28+00:00, & Tue Apr 26 12:41:23 2022
86,"Fri, 22 Apr 2022 23:14:56 +0000",20220422.2313.001,Underway Science Seawater Diaphragm Pump,FCM Discrete,NaN,NaN,UW6,40.095977,-70.815048,,tCrockford1,,ar66b,20220422.2313.001,20220422.23,22-04-22 22:58,2022-04-22T22:58:11+00:00,
87,"Sat, 23 Apr 2022 01:31:13 +0000",20220423.0129.001,Underway Science Seawater Diaphragm Pump,TOI Discrete,NaN,NaN,NaN,39.939731,-70.774803,,blongworth,TOI bottle 847,ar66b,20220423.0129.001,20220422.15,22-04-22 15:21,2022-04-22T15:21:00+00:00,
88,"Sat, 23 Apr 2022 01:32:55 +0000",20220423.0131.001,Underway Science Seawater Diaphragm Pump,TOI Discrete,NaN,NaN,NaN,40.096171,-70.885026,,blongworth,TOI bottle 366,ar66b,20220423.0131.001,20220422.22,22-04-22 22:26,2022-04-22T22:26:00+00:00,
89,"Sat, 23 Apr 2022 01:34:37 +0000",20220423.0133.001,Underway Science Seawater Diaphragm Pump,TOI Discrete,NaN,NaN,NaN,40.095971,-70.885051,,blongworth,TOI bottle 728,ar66b,20220423.0133.001,20220422.22,22-04-22 22:28,2022-04-22T22:28:00+00:00,
90,"Sat, 23 Apr 2022 01:37:19 +0000",20220423.0135.001,Underway Science Seawater Diaphragm Pump,DO Discrete,NaN,NaN,NaN,39.939727,-70.774804,,blongworth,triplicate t=13.60 bottles F23 F24 F25,ar66b,20220423.0135.001,20220422.15,22-04-22 15:08,2022-04-22T15:08:00+00:00, & Sat Apr 23 14:05:43 2022
91,"Sat, 23 Apr 2022 14:01:52 +0000",20220423.1400.001,Underway Science Seawater Diaphragm Pump,DO Discrete,NaN,NaN,NaN,40.090043,-70.884279,,blongworth,triplicate t=9.94 bottles B26 B27 B28,ar66b,20220423.1400.001,20220423.14,23-04-22 14:01,2022-04-23T14:01:52+00:00,
92,"Sat, 23 Apr 2022 14:29:24 +0000",20220423.1428.001,Underway Science Seawater Diaphragm Pump,FCM Discrete,NaN,L9,UW7,40.096649,-70.879266,,tCrockford1,,ar66b,20220423.1428.001,20220423.14,23-04-22 14:29,2022-04-23T14:29:24+00:00,
93,"Sat, 23 Apr 2022 14:42:08 +0000",20220423.1442.001,CTD911,deploy,NaN,d9a,014,40.099103,-70.993493,165,blongworth,NES-LTER Cast,ar66b,ar66b-SE-20220423.1442.001,20220423.02,23-04-22 01:54,2022-04-23T01:54:00+00:00, & Wed Apr 27 02:09:17 2022
94,"Sat, 23 Apr 2022 14:43:38 +0000",20220423.1442.002,CTD911,maxDepth,NaN,d9a,014,40.099101,-70.993488,165,blongworth,max depth 160m,ar66b,20220423.1442.001,20220423.02,23-04-22 01:59,2022-04-23T02:00:00+00:00, & Sat Apr 23 14:43:54 2022 & Wed Apr 27 02:11:19 2022
95,"Sat, 23 Apr 2022 14:45:08 +0000",20220423.1444.001,CTD911,recover,NaN,d9a,014,40.099106,-70.99348,165,blongworth,NES-LTER Cast,ar66b,20220423.1444.001,20220423.02,23-04-22 02:05,2022-04-23T02:05:00+00:00, & Wed Apr 27 02:11:50 2022
96,"Sat, 23 Apr 2022 14:52:46 +0000",20220423.1449.001,CTD911,deploy,NaN,CO,015,40.098249,-70.884694,148,aReed1,PMCO-00016 & PMCO-00017 Validation Cast & Acoustic Release Test,ar66b,20220423.1449.001,20220423.15,23-04-22 14:52,2022-04-23T14:52:46+00:00, & Tue Apr 26 12:46:25 2022 & Tue Apr 26 13:05:18 2022
97,"Sat, 23 Apr 2022 14:57:37 +0000",20220423.1446.001,CTD911,deploy,NaN,u9a,013,40.098621,-70.774415,139,blongworth,NES-LTER Cast,ar66b,20220423.1446.001,20220423,23-04-22 00:27,2022-04-23T00:27:00+00:00, & Tue Apr 26 19:29:06 2022
98,"Sat, 23 Apr 2022 15:10:17 +0000",20220423.1452.001,CTD911,maxDepth,NaN,CO,015,40.098178,-70.884999,148,aReed1,PMCO-00016 & PMCO-00017 Validation Cast & Acoustic Release Test - max depth 146m,ar66b,20220423.1452.001,20220423.15,23-04-22 15:00,2022-04-23T15:00:17+00:00, & Sat Apr 23 15:10:28 2022 & Tue Apr 26 12:46:38 2022 & Tue Apr 26 13:05:31 2022 & Wed Apr 27 02:44:39 2022
99,"Sat, 23 Apr 2022 15:39:38 +0000",20220423.1520.001,CTD911,recover,NaN,CO,015,40.098066,-70.886977,148,aReed1,PMCO-00016 & PMCO-00017 Validation Cast & Acoustic Release Test,ar66b,20220423.1520.001,20220423.15,23-04-22 15:39,2022-04-23T15:39:38+00:00, & Tue Apr 26 12:46:56 2022 & Tue Apr 26 13:05:45 2022
100,"Sat, 23 Apr 2022 18:26:27 +0000",20220423.1824.001,CPM,deploy,NaN,PMCO-17,NaN,40.097297,-70.878775,,aReed1,PMCO-00017 anchor drop,ar66b,20220423.1824.001,20220423.14,23-04-22 14:32,2022-04-23T14:32:00+00:00, & Tue Apr 26 12:47:24 2022 & Tue Apr 26 13:05:57 2022
101,"Sat, 23 Apr 2022 18:28:00 +0000",20220423.1826.001,CPM,recover,NaN,PMCO-16,NaN,40.101341,-70.887367,,aReed1,Recovery of PMCO-00016; anchor on deck time,ar66b,20220423.1826.001,20220423.18,23-04-22 18:01,2022-04-23T18:01:00+00:00, & Tue Apr 26 12:47:38 2022 & Tue Apr 26 13:06:09 2022 & Tue Apr 26 13:06:18 2022
102,"Sat, 23 Apr 2022 20:07:15 +0000",20220423.2004.001,CTD911,maxDepth,NaN,u9a,013,40.09848,-70.774468,139m,blongworth,max depth 133m,ar66b,20220423.2004.001,20220423,23-04-22 00:31,2022-04-23T00:31:00+00:00, & Sat Apr 23 20:10:17 2022 & Sat Apr 23 20:10:39 2022
103,"Sat, 23 Apr 2022 20:09:32 +0000",20220423.2007.001,CTD911,recover,NaN,u9a,013,40.09797,-70.774634,139,blongworth,NES-LTER Cast,ar66b,20220423.2007.001,20220423,23-04-22 00:40,2022-04-23T00:40:00+00:00, & Tue Apr 26 19:29:27 2022
104,"Sun, 24 Apr 2022 00:02:18 +0000",20220424.0001.001,CTD911,deploy,NaN,u6a,017,40.362248,-70.774685,95,blongworth,NES-LTER Cast,ar66b,20220424.0001.001,20220423.24,23-04-22 23:58,2022-04-23T23:58:00+00:00, & Wed Apr 27 02:19:06 2022
105,"Sun, 24 Apr 2022 00:03:28 +0000",20220424.0002.001,CTD911,maxDepth,NaN,u6a,017,40.362249,-70.774682,95,blongworth,max depth 90m,ar66b,20220424.0002.001,20220424,24-04-22 00:03,2022-04-24T00:03:28+00:00,
106,"Sun, 24 Apr 2022 00:29:59 +0000",20220424.0027.001,CTD911,recover,NaN,u6a,017,40.362251,-70.774686,,blongworth,NES-LTER Cast,ar66b,20220424.0027.001,20220424,24-04-22 00:08,2022-04-24T00:08:00+00:00, & Wed Apr 27 02:23:11 2022
107,"Sun, 24 Apr 2022 00:36:10 +0000",20220424.0034.001,Underway Science Seawater Diaphragm Pump,TOI Discrete,NaN,u6a,,40.36225,-70.774687,,blongworth,TOI bottles 824 and 844,ar66b,20220424.0034.001,20220424,24-04-22 00:07,2022-04-24T00:07:00+00:00,
108,"Sun, 24 Apr 2022 02:27:59 +0000",20220424.0224.001,CTD911,deploy,NaN,d6a,018,40.363344,-70.992448,92,blongworth,NES-LTER Cast,ar66b,20220424.0224.001,20220424.01,24-04-22 01:33,2022-04-24T01:33:00+00:00, & Sun Apr 24 02:28:28 2022 & Wed Apr 27 02:23:50 2022
109,"Sun, 24 Apr 2022 02:29:29 +0000",20220424.0229.001,CTD911,maxDepth,NaN,d6a,018,40.363342,-70.992446,92,blongworth,max depth 84m,ar66b,ar66b-SE-20220424.0229.001,20220424.01,24-04-22 01:36,2022-04-24T01:36:00+00:00,
110,"Sun, 24 Apr 2022 02:30:17 +0000",20220424.0230.001,CTD911,recover,NaN,d6a,018,40.363339,-70.992441,92,blongworth,NES-LTER Cast,ar66b,ar66b-SE-20220424.0230.001,20220424.01,24-04-22 01:43,2022-04-24T01:43:00+00:00, & Wed Apr 27 02:24:03 2022
111,"Sun, 24 Apr 2022 14:03:20 +0000",20220424.1402.001,CPM,deploy,NaN,PMCI-16,NaN,40.227056,-70.88847,128,aReed1,PMCI-00016 anchor drop,ar66b,20220424.1402.001,20220424.13,24-04-22 13:43,2022-04-24T13:43:00+00:00, & Tue Apr 26 12:48:15 2022 & Tue Apr 26 13:10:32 2022
112,"Sun, 24 Apr 2022 14:06:09 +0000",20220424.1403.001,CTD911,deploy,NaN,CI,019,40.22647,-70.883127,128,aReed1,PMCI-00015 & PMCI-00016 Validation Cast,ar66b,20220424.1403.001,20220424.14,24-04-22 14:06,2022-04-24T14:06:09+00:00, & Tue Apr 26 12:48:30 2022 & Tue Apr 26 13:10:45 2022
113,"Sun, 24 Apr 2022 14:14:36 +0000",20220424.1406.001,CTD911,maxDepth,NaN,CI,019,40.22649,-70.88312,128,aReed1,PMCI-00015 & PMCI-00016 Validation Cast - max depth 122m,ar66b,20220424.1406.001,20220424.14,24-04-22 14:14,2022-04-24T14:14:36+00:00, & Tue Apr 26 12:49:05 2022 & Tue Apr 26 13:10:56 2022 & Wed Apr 27 02:24:54 2022
114,"Sun, 24 Apr 2022 14:40:39 +0000",20220424.1414.001,CTD911,recover,NaN,CI,019,40.226465,-70.883111,128,aReed1,PMCI-00015 & PMCI-00016 Validation Cast,ar66b,20220424.1414.001,20220424.14,24-04-22 14:40,2022-04-24T14:40:39+00:00, & Tue Apr 26 12:49:18 2022 & Tue Apr 26 13:11:14 2022
115,"Sun, 24 Apr 2022 18:25:13 +0000",20220424.1824.001,Underway Science Seawater Diaphragm Pump,FCM Discrete,NaN,L7,UW8,40.227274,-70.877556,,tCrockford1,,ar66b,20220424.1824.001,20220424.18,24-04-22 18:25,2022-04-24T18:25:13+00:00,
116,"Sun, 24 Apr 2022 19:29:02 +0000",20220424.1829.001,CPM,recover,NaN,PMCI-15,NaN,40.227095,-70.877544,,aReed1,Recovery of PMCI-00015; anchor on deck time,ar66b,20220424.1829.001,20220424.18,24-04-22 18:10,2022-04-24T18:10:00+00:00, & Tue Apr 26 12:49:39 2022 & Tue Apr 26 13:11:28 2022
117,"Sun, 24 Apr 2022 20:57:42 +0000",20220424.2057.001,Underway Science Seawater Diaphragm Pump,FCM Discrete,NaN,L7.5,UW9,NaN,NaN,,tCrockford1,,ar66b,20220424.2057.001,20220427.18,NaN,2022-04-27T18:19:00+00:00, & Wed Apr 27 18:18:58 2022
118,"Mon, 25 Apr 2022 00:23:35 +0000",20220425.0023.001,EK80 broadband,start,NaN,NaN,NaN,40.231095,-70.891421,,cCarlin1,,ar66b,20220425.0023.001,20220425,25-04-22 00:23,2022-04-25T00:23:35+00:00,
119,"Mon, 25 Apr 2022 00:50:07 +0000",20220425.0048.001,Ring Net,deploy,NaN,L11,R008,39.775476,-70.87314,1572,pMarrec1,Target Depth 200m,ar66b,20220425.0048.001,20220422.02,22-04-22 02:40,2022-04-22T02:40:00+00:00, & Tue Apr 26 23:36:55 2022 & Tue Apr 26 23:44:24 2022
120,"Mon, 25 Apr 2022 00:50:42 +0000",20220425.0050.001,Ring Net,recover,NaN,L11,R008,39.77653,-70.868857,1572,pMarrec1,Target Depth 200m,ar66b,20220425.0050.001,20220422.03,22-04-22 02:55,2022-04-22T02:55:00+00:00, & Tue Apr 26 23:38:12 2022 & Tue Apr 26 23:44:41 2022
121,"Mon, 25 Apr 2022 00:51:45 +0000",20220425.0050.002,Ring Net,deploy,NaN,L9,R015,40.098068,-70.887222,146,pMarrec1,Target Depth 144m,ar66b,20220425.0050.002,20220423.15,23-04-22 15:45,2022-04-23T15:45:00+00:00, & Tue Apr 26 23:38:19 2022 & Tue Apr 26 23:45:00 2022
122,"Mon, 25 Apr 2022 00:52:32 +0000",20220425.0051.001,Ring Net,recover,NaN,L9,R015,40.098059,-70.888144,146,pMarrec1,Target Depth 144m,ar66b,20220425.0051.001,20220423.16,23-04-22 15:55,2022-04-23T15:55:00+00:00, & Tue Apr 26 23:38:27 2022 & Tue Apr 26 23:47:26 2022
123,"Mon, 25 Apr 2022 00:53:59 +0000",20220425.0052.001,Ring Net,deploy,NaN,L7,R019,40.226381,-70.883644,146,pMarrec1,Target Depth 144m,ar66b,20220425.0052.001,20220424.14,24-04-22 14:48,2022-04-24T14:48:00+00:00, & Tue Apr 26 23:38:37 2022 & Tue Apr 26 23:45:18 2022
124,"Mon, 25 Apr 2022 00:54:38 +0000",20220425.0054.001,Ring Net,recover,NaN,L7,R019,40.226226,-70.884471,125,pMarrec1,Target Depth 123m,ar66b,20220425.0054.001,20220424.15,24-04-22 14:55,2022-04-24T14:55:00+00:00, & Mon Apr 25 00:55:49 2022 & Tue Apr 26 23:38:47 2022 & Tue Apr 26 23:46:13 2022
125,"Mon, 25 Apr 2022 00:55:02 +0000",20220425.0054.002,Ring Net,recover,NaN,L8,R020,40.134149,-70.770102,132,pMarrec1,Target Depth 130m,ar66b,20220425.0054.002,20220424.23,24-04-22 22:50,2022-04-24T22:50:00+00:00, & Mon Apr 25 00:56:13 2022 & Tue Apr 26 23:38:55 2022 & Tue Apr 26 23:46:32 2022
126,"Mon, 25 Apr 2022 00:56:54 +0000",20220425.0056.001,Ring Net,deploy,NaN,L8,R020,40.134111,-70.770087,132,pMarrec1,Target Depth 132m,ar66b,20220425.0056.001,20220424.22,24-04-22 22:41,2022-04-24T22:41:00+00:00, & Tue Apr 26 23:40:16 2022 & Tue Apr 26 23:46:53 2022
127,"Mon, 25 Apr 2022 00:59:42 +0000",20220425.0058.001,Incubation Grazing,stop,NaN,L10,006,39.93954,-70.783199,,pMarrec1,,ar66b,20220425.0058.001,20220422.17,22-04-22 16:59,2022-04-22T17:00:00+00:00,
128,"Mon, 25 Apr 2022 01:00:29 +0000",20220425.0059.001,Incubation Grazing,start,NaN,L11,008,39.772742,-70.712492,,pMarrec1,,ar66b,20220425.0059.001,20220422.03,22-04-22 03:45,2022-04-22T03:45:00+00:00,
129,"Mon, 25 Apr 2022 01:01:01 +0000",20220425.0100.001,Incubation Grazing,stop,NaN,L11,008,40.096712,-70.994334,,pMarrec1,,ar66b,20220425.0100.001,20220423.03,23-04-22 03:30,2022-04-23T03:30:00+00:00,
130,"Mon, 25 Apr 2022 01:01:57 +0000",20220425.0101.001,Incubation Grazing,start,NaN,L9,015,40.102107,-70.888094,,pMarrec1,,ar66b,20220425.0101.001,20220423.17,23-04-22 17:40,2022-04-23T17:40:00+00:00,
131,"Mon, 25 Apr 2022 01:02:24 +0000",20220425.0101.002,Incubation Grazing,stop,NaN,L9,015,40.227867,-70.881293,,pMarrec1,,ar66b,20220425.0101.002,20220424.17,24-04-22 17:40,2022-04-24T17:40:00+00:00,
132,"Mon, 25 Apr 2022 01:03:14 +0000",20220425.0102.001,Incubation Grazing,start,NaN,L8,020,40.21593,-70.884939,,pMarrec1,,ar66b,20220425.0102.001,20220424.23,24-04-22 23:35,2022-04-24T23:35:00+00:00,
133,"Mon, 25 Apr 2022 01:05:44 +0000",20220425.0105.001,Incubation Grazing,start,NaN,L7,019,40.227095,-70.877544,,pMarrec1,,ar66b,20220425.0105.001,20220424.18,24-04-22 18:10,2022-04-24T18:10:00+00:00,
134,"Mon, 25 Apr 2022 01:08:16 +0000",20220425.0105.002,Underway Science Seawater Diaphragm Pump,Chl Discrete,NaN,NaN,NaN,41.181173,-70.883916,,pMarrec1,Sample 1,ar66b,20220425.0105.002,20220420.13,20-04-22 12:59,2022-04-20T13:00:00+00:00,
135,"Mon, 25 Apr 2022 01:08:46 +0000",20220425.0108.001,Underway Science Seawater Diaphragm Pump,Chl Discrete,NaN,NaN,NaN,40.745496,-70.868192,,pMarrec1,Sample 2,ar66b,20220425.0108.001,20220420.19,20-04-22 18:55,2022-04-20T18:55:00+00:00,
136,"Mon, 25 Apr 2022 01:09:17 +0000",20220425.0108.002,Underway Science Seawater Diaphragm Pump,Chl Discrete,NaN,NaN,NaN,40.43014,-70.882168,,pMarrec1,Sample 3,ar66b,20220425.0108.002,20220421,21-04-22 00:12,2022-04-21T00:12:00+00:00,
137,"Mon, 25 Apr 2022 01:10:16 +0000",20220425.0109.001,Underway Science Seawater Diaphragm Pump,Chl Discrete,NaN,NaN,NaN,40.295847,-70.883677,,pMarrec1,Sample 4,ar66b,20220425.0109.001,20220421.02,21-04-22 01:59,2022-04-21T02:00:00+00:00,
138,"Mon, 25 Apr 2022 01:13:50 +0000",20220425.0110.001,Underway Science Seawater Diaphragm Pump,Chl Discrete,NaN,NaN,NaN,39.942047,-70.881846,,pMarrec1,Sample 5,ar66b,20220425.0110.001,20220421.1,21-04-22 10:06,2022-04-21T10:06:00+00:00,
139,"Mon, 25 Apr 2022 01:14:23 +0000",20220425.0113.001,Underway Science Seawater Diaphragm Pump,Chl Discrete,NaN,NaN,NaN,39.940664,-70.869761,,pMarrec1,Sample 6,ar66b,20220425.0113.001,20220421.18,21-04-22 17:59,2022-04-21T18:00:00+00:00,
140,"Mon, 25 Apr 2022 01:15:00 +0000",20220425.0114.001,Underway Science Seawater Diaphragm Pump,Chl Discrete,NaN,NaN,NaN,39.886982,-70.755378,,pMarrec1,Sample 7,ar66b,20220425.0114.001,20220421.22,21-04-22 21:59,2022-04-21T22:00:00+00:00,
141,"Mon, 25 Apr 2022 01:15:26 +0000",20220425.0115.001,Underway Science Seawater Diaphragm Pump,Chl Discrete,NaN,NaN,NaN,39.854939,-70.621929,,pMarrec1,Sample 8,ar66b,20220425.0115.001,20220421.23,21-04-22 22:50,2022-04-21T22:50:00+00:00, & Mon Apr 25 01:22:35 2022
142,"Mon, 25 Apr 2022 01:16:01 +0000",20220425.0115.002,Underway Science Seawater Diaphragm Pump,Chl Discrete,NaN,NaN,NaN,39.773968,-70.899343,,pMarrec1,Sample 9,ar66b,20220425.0115.002,20220422.06,22-04-22 05:54,2022-04-22T05:54:00+00:00,
143,"Mon, 25 Apr 2022 01:16:33 +0000",20220425.0116.001,Underway Science Seawater Diaphragm Pump,Chl Discrete,NaN,NaN,NaN,39.939353,-70.781371,,pMarrec1,Sample 10,ar66b,20220425.0116.001,20220422.16,22-04-22 16:45,2022-04-22T16:45:00+00:00,
144,"Mon, 25 Apr 2022 01:17:11 +0000",20220425.0116.002,Underway Science Seawater Diaphragm Pump,Chl Discrete,NaN,NaN,NaN,40.097402,-70.717833,,pMarrec1,Sample 11,ar66b,20220425.0116.002,20220422.23,22-04-22 23:25,2022-04-22T23:25:00+00:00,
145,"Mon, 25 Apr 2022 01:17:46 +0000",20220425.0117.001,Underway Science Seawater Diaphragm Pump,Chl Discrete,NaN,NaN,NaN,40.099103,-70.993488,,pMarrec1,Sample 12,ar66b,20220425.0117.001,20220423.02,23-04-22 02:15,2022-04-23T02:15:00+00:00,
146,"Mon, 25 Apr 2022 01:18:32 +0000",20220425.0117.002,Underway Science Seawater Diaphragm Pump,Chl Discrete,NaN,NaN,NaN,40.145316,-71.022526,,pMarrec1,Sample 13,ar66b,20220425.0117.002,20220423.04,23-04-22 04:26,2022-04-23T04:26:00+00:00,
147,"Mon, 25 Apr 2022 01:19:05 +0000",20220425.0118.001,Underway Science Seawater Diaphragm Pump,Chl Discrete,NaN,NaN,NaN,39.960405,-70.880579,,pMarrec1,Sample 14,ar66b,20220425.0118.001,20220423.06,23-04-22 06:45,2022-04-23T06:45:00+00:00,
148,"Mon, 25 Apr 2022 01:19:39 +0000",20220425.0119.001,Underway Science Seawater Diaphragm Pump,Chl Discrete,NaN,NaN,NaN,40.098676,-70.883816,,pMarrec1,Sample 15,ar66b,20220425.0119.001,20220423.18,23-04-22 18:45,2022-04-23T18:45:00+00:00,
149,"Mon, 25 Apr 2022 01:20:18 +0000",20220425.0119.002,Underway Science Seawater Diaphragm Pump,Chl Discrete,NaN,NaN,NaN,40.363012,-70.704343,,pMarrec1,Sample 16,ar66b,20220425.0119.002,20220423.23,23-04-22 23:29,2022-04-23T23:29:00+00:00,
150,"Mon, 25 Apr 2022 01:20:47 +0000",20220425.0120.001,Underway Science Seawater Diaphragm Pump,Chl Discrete,NaN,NaN,NaN,40.360306,-70.857767,,pMarrec1,Sample 17,ar66b,20220425.0120.001,20220424,24-04-22 00:35,2022-04-24T00:35:00+00:00,
151,"Mon, 25 Apr 2022 01:21:26 +0000",20220425.0120.002,Underway Science Seawater Diaphragm Pump,Chl Discrete,NaN,NaN,NaN,40.362162,-70.892636,,pMarrec1,Sample 18,ar66b,20220425.0120.002,20220424.03,24-04-22 03:15,2022-04-24T03:15:00+00:00,
153,"Mon, 25 Apr 2022 04:27:57 +0000",20220425.0427.001,EK80 broadband,stop,NaN,NaN,NaN,39.771565,-70.883496,,cCarlin1,,ar66b,20220425.0427.001,20220425.04,25-04-22 04:28,2022-04-25T04:27:57+00:00,
154,"Mon, 25 Apr 2022 10:26:40 +0000",20220425.1025.001,CPM,recover,NaN,CNPM-5,NaN,40.133993,-70.769934,,aReed1,Recovery of CNPM-00005; anchor on deck time,ar66b,20220425.1025.001,20220424.21,24-04-22 21:11,2022-04-24T21:11:00+00:00, & Tue Apr 26 12:56:59 2022
155,"Mon, 25 Apr 2022 13:52:12 +0000",20220425.1351.001,CPM,deploy,NaN,PMUI-17,NaN,40.365385,-70.779922,95,aReed1,PMUI-00017 anchor drop,ar66b,20220425.1351.001,20220425.13,25-04-22 13:44,2022-04-25T13:44:00+00:00, & Tue Apr 26 13:12:30 2022
156,"Mon, 25 Apr 2022 14:06:29 +0000",20220425.1352.001,CTD911,deploy,NaN,UI,021,40.364868,-70.775912,95,aReed1,PMUI-00016 & PMUI-00017 Validation Cast,ar66b,20220425.1352.001,20220425.14,25-04-22 14:06,2022-04-25T14:06:29+00:00, & Tue Apr 26 13:12:49 2022
157,"Mon, 25 Apr 2022 14:10:27 +0000",20220425.1406.001,CTD911,maxDepth,NaN,UI,021,40.364867,-70.77591,95,aReed1,PMUI-00016 & PMUI-00017 Validation Cast - max depth 89m,ar66b,20220425.1406.001,20220425.14,25-04-22 14:10,2022-04-25T14:10:27+00:00, & Tue Apr 26 13:13:08 2022 & Wed Apr 27 02:26:56 2022
158,"Mon, 25 Apr 2022 14:29:08 +0000",20220425.1410.001,CTD911,recover,NaN,UI,021,40.364869,-70.775913,95,aReed1,PMUI-00016 & PMUI-00017 Validation Cast,ar66b,20220425.1410.001,20220425.14,25-04-22 14:29,2022-04-25T14:29:08+00:00, & Tue Apr 26 13:13:23 2022
159,"Mon, 25 Apr 2022 18:24:21 +0000",20220425.1816.001,CPM,recover,NaN,PMUI-16,NaN,40.365288,-70.769168,95,aReed1,Recovery of PMUI-00016; anchor on deck time,ar66b,20220425.1816.001,20220425.17,25-04-22 17:32,2022-04-25T17:32:00+00:00, & Tue Apr 26 13:21:59 2022
160,"Tue, 26 Apr 2022 01:07:09 +0000",20220426.0105.001,CTD911,deploy,NaN,CI - L7,023,40.226515,-70.883126,128,tCrockford1,NES-LTER Cast,ar66b,20220426.0105.001,20220426,26-04-22 00:14,2022-04-26T00:14:17+00:00, & Tue Apr 26 01:10:47 2022 & Wed Apr 27 02:27:51 2022
161,"Tue, 26 Apr 2022 01:09:51 +0000",20220426.0109.001,CTD911,maxDepth,NaN,CI - L7,023,40.226503,-70.883186,128,tCrockford1,max depth 124m,ar66b,ar66b-SE-20220426.0109.001,20220426,26-04-22 00:19,2022-04-26T00:19:22+00:00,
162,"Tue, 26 Apr 2022 01:10:31 +0000",20220426.0110.001,CTD911,recover,NaN,CI - L7,023,40.226444,-70.883476,128,tCrockford1,NES-LTER Cast,ar66b,ar66b-SE-20220426.0110.001,20220426,26-04-22 00:26,2022-04-26T00:26:06+00:00, & Wed Apr 27 02:28:08 2022
163,"Tue, 26 Apr 2022 01:22:53 +0000",20220426.0121.001,CTD911,deploy,NaN,CO - L9,024,40.09849,-70.885222,148,blongworth,NES-LTER Cast,ar66b,20220426.0121.001,20220426.01,26-04-22 01:22,2022-04-26T01:22:53+00:00, & Wed Apr 27 02:28:26 2022 & Wed Apr 27 02:30:08 2022 & Wed Apr 27 02:31:19 2022
164,"Tue, 26 Apr 2022 01:28:42 +0000",20220426.0127.001,CTD911,maxDepth,NaN,CO - L9,024,40.098485,-70.885223,148,blongworth,max depth 143m,ar66b,20220426.0127.001,20220426.01,26-04-22 01:28,2022-04-26T01:28:42+00:00, & Tue Apr 26 03:42:56 2022 & Wed Apr 27 02:31:11 2022
165,"Tue, 26 Apr 2022 01:34:56 +0000",20220426.0132.001,CTD911,recover,NaN,CO - L9,024,40.098489,-70.88522,148,pMarrec1,NES-LTER Cast,ar66b,20220426.0132.001,20220426.01,26-04-22 01:34,2022-04-26T01:34:56+00:00, & Wed Apr 27 02:32:13 2022
167,"Tue, 26 Apr 2022 01:36:39 +0000",20220426.0135.002,CTD911,deploy,NaN,IS - L6,022,40.361615,-70.875998,95,pMarrec1,NES-LTER Cast,ar66b,20220426.0135.001,20220425.21,25-04-22 21:08,2022-04-25T21:08:42+00:00, & Tue Apr 26 01:38:43 2022 & Wed Apr 27 02:27:19 2022
168,"Tue, 26 Apr 2022 01:37:53 +0000",20220426.0136.001,CTD911,maxDepth,NaN,IS - L6,022,40.361611,-70.875993,95,pMarrec1,Max Depth 90m,ar66b,20220426.0136.001,20220425.21,25-04-22 21:18,2022-04-25T21:18:47+00:00, & Tue Apr 26 01:39:16 2022 & Tue Apr 26 02:36:21 2022
169,"Tue, 26 Apr 2022 01:38:30 +0000",20220426.0137.001,CTD911,recover,NaN,IS - L6,022,40.361619,-70.875998,95,pMarrec1,NES-LTER Cast,ar66b,20220426.0137.001,20220425.21,25-04-22 21:28,2022-04-25T21:28:03+00:00, & Wed Apr 27 02:27:36 2022
170,"Tue, 26 Apr 2022 01:44:30 +0000",20220426.0143.001,CTD911,maxDepth,NaN,d11a,010,39.77466,-70.98719,1570,pMarrec1,Max Depth 500m,ar66b,20220426.0143.001,20220422.06,22-04-22 06:41,2022-04-22T06:41:00+00:00, & Tue Apr 26 02:36:13 2022
171,"Tue, 26 Apr 2022 01:46:44 +0000",20220426.0145.001,CTD911,maxDepth,NaN,L2,001,41.030703,-70.882519,46,pMarrec1,Max Depth 41m,ar66b,20220426.0145.001,20220420.14,20-04-22 14:28,2022-04-20T14:28:00+00:00, & Tue Apr 26 01:48:12 2022 & Tue Apr 26 18:53:33 2022
172,"Tue, 26 Apr 2022 01:52:43 +0000",20220426.0150.001,CTD911,maxDepth,NaN,IS - L6,005,40.363383,-70.885945,97,pMarrec1,Max depth 88m,ar66b,20220426.0150.001,20220421.01,21-04-22 01:07,2022-04-21T01:07:00+00:00,
174,"Tue, 26 Apr 2022 02:13:04 +0000",20220426.0212.001,CTD911,deploy,NaN,L9.5,025,40.018991,-70.883995,254,blongworth,NES-LTER Cast,ar66b,20220426.0212.001,20220426.02,26-04-22 02:13,2022-04-26T02:13:04+00:00, & Wed Apr 27 02:34:06 2022
175,"Tue, 26 Apr 2022 02:25:00 +0000",20220426.0223.001,CTD911,maxDepth,NaN,L9.5,025,40.018943,-70.884939,255,blongworth,max depth 247m,ar66b,20220426.0223.001,20220426.02,26-04-22 02:25,2022-04-26T02:25:00+00:00,
176,"Tue, 26 Apr 2022 02:33:27 +0000",20220426.0226.001,CTD911,recover,NaN,L9.5,025,40.018921,-70.885298,255,pMarrec1,NES-LTER Cast,ar66b,20220426.0226.001,20220426.02,26-04-22 02:33,2022-04-26T02:33:27+00:00, & Wed Apr 27 02:34:25 2022
177,"Tue, 26 Apr 2022 03:09:52 +0000",20220426.0308.001,CTD911,deploy,NaN,OS - L10,026,39.940891,-70.88291,443,pMarrec1,NES-LTER Cast,ar66b,20220426.0308.001,20220426.03,26-04-22 03:11,2022-04-26T03:11:23+00:00, & Tue Apr 26 03:11:23 2022 & Tue Apr 26 03:42:03 2022 & Wed Apr 27 02:35:41 2022
178,"Tue, 26 Apr 2022 03:26:12 +0000",20220426.0326.001,CTD911,maxDepth,NaN,OS - L10,026,39.940766,-70.882038,443,pMarrec1,Max depth 436m,ar66b,ar66b-SE-20220426.0326.001,20220426.03,26-04-22 03:26,2022-04-26T03:26:12+00:00, & Tue Apr 26 03:42:26 2022
179,"Tue, 26 Apr 2022 03:41:29 +0000",20220426.0341.001,CTD911,recover,NaN,OS - L10,026,39.940553,-70.880631,443,pMarrec1,NES-LTER Cast,ar66b,ar66b-SE-20220426.0341.001,20220426.03,26-04-22 03:41,2022-04-26T03:41:29+00:00, & Wed Apr 27 02:35:58 2022
180,"Tue, 26 Apr 2022 04:31:07 +0000",20220426.0430.001,CTD911,deploy,NaN,L10.5,027,39.856168,-70.882737,810,pMarrec1,NES-LTER Cast,ar66b,20220426.0430.001,20220426.04,26-04-22 04:30,2022-04-26T04:30:23+00:00, & Wed Apr 27 02:36:25 2022
181,"Tue, 26 Apr 2022 04:44:14 +0000",20220426.0444.001,CTD911,maxDepth,NaN,L10.5,027,39.855924,-70.879799,812,pMarrec1,Max Depth 500m,ar66b,ar66b-SE-20220426.0444.001,20220426.04,26-04-22 04:41,2022-04-26T04:41:40+00:00,
182,"Tue, 26 Apr 2022 04:56:21 +0000",20220426.0456.001,CTD911,recover,NaN,L10.5,027,39.855683,-70.875879,870,pMarrec1,NES-LTER Cast,ar66b,ar66b-SE-20220426.0456.001,20220426.05,26-04-22 04:56,2022-04-26T04:56:21+00:00, & Wed Apr 27 02:37:49 2022
183,"Tue, 26 Apr 2022 05:43:32 +0000",20220426.0541.001,CTD911,deploy,NaN,L11,028,39.772475,-70.882576,1576,blongworth,NES-LTER Cast,ar66b,20220426.0541.001,20220426.05,26-04-22 05:40,2022-04-26T05:40:00+00:00, & Wed Apr 27 02:38:38 2022
184,"Tue, 26 Apr 2022 05:53:07 +0000",20220426.0551.001,CTD911,maxDepth,NaN,L11,028,39.770835,-70.878851,1596,blongworth,max depth 502m,ar66b,20220426.0551.001,20220426.06,26-04-22 05:53,2022-04-26T05:53:07+00:00, & Wed Apr 27 02:38:55 2022
185,"Tue, 26 Apr 2022 06:30:13 +0000",20220426.0628.001,CTD911,recover,NaN,L11,028,39.76969,-70.876232,1593,blongworth,NES-LTER Cast,ar66b,20220426.0628.001,20220426.06,26-04-22 06:04,2022-04-26T06:04:00+00:00, & Wed Apr 27 02:39:14 2022
186,"Tue, 26 Apr 2022 12:04:47 +0000",20220426.1203.001,CTD911,deploy,NaN,B12,029,40.098381,-71.421623,93,aReed1,Along shelf CTD survey,ar66b,20220426.1203.001,20220426.12,26-04-22 12:04,2022-04-26T12:04:47+00:00, & Tue Apr 26 12:05:35 2022 & Tue Apr 26 16:41:33 2022
187,"Tue, 26 Apr 2022 12:09:36 +0000",20220426.1207.001,CTD911,maxDepth,NaN,B12,029,40.098386,-71.421624,92,aReed1,Along shelf CTD survey; max depth 88 m,ar66b,20220426.1207.001,20220426.12,26-04-22 12:09,2022-04-26T12:09:36+00:00, & Tue Apr 26 16:41:17 2022 & Wed Apr 27 11:39:52 2022
188,"Tue, 26 Apr 2022 12:15:53 +0000",20220426.1209.001,CTD911,recover,NaN,B12,029,40.098388,-71.421625,92,aReed1,Along shelf CTD survey,ar66b,20220426.1209.001,20220426.12,26-04-22 12:15,2022-04-26T12:15:53+00:00, & Tue Apr 26 16:40:58 2022
189,"Tue, 26 Apr 2022 12:57:38 +0000",20220426.1257.001,CTD911,deploy,NaN,B11,030,40.098684,-71.312229,108,aReed1,Along shelf CTD survey,ar66b,20220426.1257.001,20220426.13,26-04-22 12:57,2022-04-26T12:57:38+00:00, & Tue Apr 26 16:39:13 2022
190,"Tue, 26 Apr 2022 13:01:30 +0000",20220426.1301.001,CTD911,maxDepth,NaN,B11,030,40.098785,-71.312136,107,aReed1,Along shelf CTD survey; max depth 103 m,ar66b,ar66b-SE-20220426.1301.001,20220426.13,26-04-22 13:01,2022-04-26T13:01:30+00:00, & Tue Apr 26 16:39:01 2022 & Wed Apr 27 11:40:26 2022
191,"Tue, 26 Apr 2022 13:08:13 +0000",20220426.1308.001,CTD911,recover,NaN,B11,030,40.098929,-71.312013,107,aReed1,Along shelf CTD survey,ar66b,ar66b-SE-20220426.1308.001,20220426.13,26-04-22 13:08,2022-04-26T13:08:13+00:00, & Tue Apr 26 16:38:47 2022
192,"Tue, 26 Apr 2022 13:27:23 +0000",20220426.1326.001,CPM,recover,NaN,ISPM-00005,NaN,40.36198,-70.877818,,aReed1,Recovery of ISPM-00005; anchor time on deck,ar66b,20220426.1326.001,20220425.2,25-04-22 20:35,2022-04-25T20:35:00+00:00,
193,"Tue, 26 Apr 2022 13:49:34 +0000",20220426.1346.001,CTD911,deploy,NaN,B10,031,40.098164,-71.203726,160,aReed1,Along shelf CTD survey,ar66b,20220426.1346.001,20220426.13,26-04-22 13:49,2022-04-26T13:49:34+00:00, & Tue Apr 26 16:38:35 2022
194,"Tue, 26 Apr 2022 13:57:43 +0000",20220426.1349.001,CTD911,maxDepth,NaN,B10,031,40.098321,-71.203579,160,aReed1,Along shelf CTD survey; max depth 155 m,ar66b,20220426.1349.001,20220426.14,26-04-22 13:57,2022-04-26T13:57:43+00:00, & Tue Apr 26 16:38:22 2022 & Wed Apr 27 11:40:56 2022
195,"Tue, 26 Apr 2022 14:06:18 +0000",20220426.1358.001,CTD911,recover,NaN,B10,031,40.098293,-71.203301,160,aReed1,Along shelf CTD survey,ar66b,20220426.1358.001,20220426.14,26-04-22 14:06,2022-04-26T14:06:18+00:00, & Tue Apr 26 16:38:11 2022
196,"Tue, 26 Apr 2022 14:42:33 +0000",20220426.1441.001,CTD911,deploy,NaN,B9,032,40.098456,-71.095186,171,aReed1,Along shelf CTD survey,ar66b,20220426.1441.001,20220426.14,26-04-22 14:42,2022-04-26T14:42:33+00:00, & Tue Apr 26 16:38:00 2022
197,"Tue, 26 Apr 2022 14:50:51 +0000",20220426.1442.001,CTD911,maxDepth,NaN,B9,032,40.0986,-71.095054,171,aReed1,Along shelf CTD survey; max depth 164 m,ar66b,20220426.1442.001,20220426.15,26-04-22 14:50,2022-04-26T14:50:51+00:00, & Tue Apr 26 16:37:49 2022 & Wed Apr 27 11:41:18 2022
198,"Tue, 26 Apr 2022 14:59:01 +0000",20220426.1451.001,CTD911,recover,NaN,B9,032,40.098855,-71.094855,171,aReed1,Along shelf CTD survey,ar66b,20220426.1451.001,20220426.15,26-04-22 14:59,2022-04-26T14:59:01+00:00, & Tue Apr 26 16:37:37 2022
199,"Tue, 26 Apr 2022 15:52:59 +0000",20220426.1552.001,CTD911,deploy,NaN,B8,033,40.098663,-70.989215,163,aReed1,Along shelf CTD survey,ar66b,20220426.1552.001,20220426.15,26-04-22 15:40,2022-04-26T15:40:00+00:00, & Tue Apr 26 15:55:08 2022 & Tue Apr 26 16:37:27 2022
200,"Tue, 26 Apr 2022 15:54:22 +0000",20220426.1553.001,CTD911,recover,NaN,B8,033,40.09922,-70.988608,163,aReed1,Along shelf CTD survey,ar66b,20220426.1553.001,20220426.16,26-04-22 15:54,2022-04-26T15:54:22+00:00, & Tue Apr 26 15:55:38 2022 & Tue Apr 26 16:37:15 2022
201,"Tue, 26 Apr 2022 16:34:59 +0000",20220426.1630.001,CTD911,deploy,NaN,B7,034,40.098265,-70.884525,148,aReed1,Along shelf CTD survey,ar66b,20220426.1630.001,20220426.16,26-04-22 16:35,2022-04-26T16:34:59+00:00, & Tue Apr 26 16:36:58 2022
202,"Tue, 26 Apr 2022 16:42:17 +0000",20220426.1642.001,CTD911,maxDepth,NaN,B7,034,40.098457,-70.884332,148,aReed1,Along shelf CTD survey; max depth 145 m,ar66b,ar66b-SE-20220426.1642.001,20220426.16,26-04-22 16:42,2022-04-26T16:42:17+00:00, & Wed Apr 27 11:45:55 2022
203,"Tue, 26 Apr 2022 16:52:51 +0000",20220426.1645.001,CTD911,recover,NaN,B7,034,40.098955,-70.883821,149,aReed1,Along shelf CTD survey,ar66b,20220426.1645.001,20220426.17,26-04-22 16:52,2022-04-26T16:52:51+00:00,
204,"Tue, 26 Apr 2022 17:34:59 +0000",20220426.1732.001,CTD911,deploy,NaN,B6,035,40.098262,-70.775966,139,aReed1,Along shelf CTD survey,ar66b,20220426.1732.001,20220426.17,26-04-22 17:35,2022-04-26T17:34:59+00:00,
205,"Tue, 26 Apr 2022 17:42:49 +0000",20220426.1735.001,CTD911,maxDepth,NaN,B6,035,40.098291,-70.77594,139,aReed1,Along shelf CTD survey; max depth 135 m,ar66b,20220426.1735.001,20220426.17,26-04-22 17:42,2022-04-26T17:42:49+00:00, & Wed Apr 27 11:46:28 2022
206,"Tue, 26 Apr 2022 17:57:24 +0000",20220426.1756.001,SUNA V2,Sync time,NaN,NaN,NaN,40.098061,-70.787195,,tCrockford1,4 sec behind sync before C35,ar66b,20220426.1756.001,20220426.17,26-04-22 17:25,2022-04-26T17:25:00+00:00,
207,"Tue, 26 Apr 2022 17:58:18 +0000",20220426.1757.001,CTD911,recover,NaN,B6,035,40.098379,-70.77588,139,aReed1,Along shelf CTD survey,ar66b,20220426.1757.001,20220426.18,26-04-22 17:51,2022-04-26T17:51:49+00:00,
208,"Tue, 26 Apr 2022 20:07:35 +0000",20220426.2006.001,Incubation Grazing,stop,NaN,L8,020,40.312729,-70.821845,,eewton,,ar66b,20220426.2006.001,20220425.23,25-04-22 23:35,2022-04-25T23:35:00+00:00,
209,"Tue, 26 Apr 2022 20:08:30 +0000",20220426.2007.001,Incubation Grazing,stop,NaN,L7,019,40.368651,-70.770067,,eewton,,ar66b,20220426.2007.001,20220425.16,25-04-22 16:15,2022-04-25T16:15:00+00:00,
210,"Tue, 26 Apr 2022 20:09:24 +0000",20220426.2008.001,Incubation Grazing,start,NaN,L6,022,40.361103,-70.79073,,eewton,,ar66b,20220426.2008.001,20220425.22,25-04-22 22:15,2022-04-25T22:15:00+00:00,
211,"Tue, 26 Apr 2022 20:14:52 +0000",20220426.2013.001,Underway Science Seawater Diaphragm Pump,Chl Discrete,NaN,NaN,NaN,40.226844,-70.882854,,eewton,Sample 19,ar66b,20220426.2013.001,20220424,24-04-22 23:59,2022-04-24T00:00:00+00:00, & Tue Apr 26 20:17:41 2022
212,"Tue, 26 Apr 2022 20:15:20 +0000",20220426.2014.001,Underway Science Seawater Diaphragm Pump,Chl Discrete,NaN,NaN,NaN,39.788037,-70.881474,,eewton,Sample 20,ar66b,20220426.2014.001,20220425.04,25-04-22 04:18,2022-04-25T04:18:00+00:00, & Tue Apr 26 20:18:07 2022
213,"Tue, 26 Apr 2022 20:15:48 +0000",20220426.2015.001,Underway Science Seawater Diaphragm Pump,Chl Discrete,NaN,NaN,NaN,39.876739,-70.880652,,eewton,Sample 21,ar66b,20220426.2015.001,20220425.05,25-04-22 05:06,2022-04-25T05:06:00+00:00, & Tue Apr 26 20:18:19 2022
214,"Tue, 26 Apr 2022 20:16:15 +0000",20220426.2015.002,Underway Science Seawater Diaphragm Pump,Chl Discrete,NaN,NaN,NaN,40.364428,-70.774068,,eewton,Sample 22,ar66b,20220426.2015.002,20220425.17,25-04-22 16:56,2022-04-25T16:56:00+00:00, & Tue Apr 26 20:18:30 2022
215,"Tue, 26 Apr 2022 20:16:39 +0000",20220426.2016.001,Underway Science Seawater Diaphragm Pump,Chl Discrete,NaN,NaN,NaN,39.953854,-70.8829,,eewton,Sample 23,ar66b,20220426.2016.001,20220426.03,26-04-22 03:01,2022-04-26T03:01:00+00:00, & Tue Apr 26 20:18:43 2022
216,"Tue, 26 Apr 2022 20:17:02 +0000",20220426.2016.002,Underway Science Seawater Diaphragm Pump,Chl Discrete,NaN,NaN,NaN,39.940887,-70.882913,,eewton,Sample 24,ar66b,20220426.2016.002,20220426.03,26-04-22 03:16,2022-04-26T03:16:00+00:00, & Tue Apr 26 20:18:54 2022
217,"Tue, 26 Apr 2022 21:03:07 +0000",20220426.2102.001,Underway Science Seawater Diaphragm Pump,TOI Discrete,NaN,NaN,NaN,40.09887,-70.883908,,blongworth,TOI bottle 837,ar66b,20220426.2102.001,20220426.17,26-04-22 16:51,2022-04-26T16:51:00+00:00,
218,"Tue, 26 Apr 2022 21:06:02 +0000",20220426.2104.001,Underway Science Seawater Diaphragm Pump,DO Discrete,NaN,NaN,NaN,40.098562,-70.884216,,blongworth,triplicate t=9.94 bottles B26 B27 B28,ar66b,20220426.2104.001,20220426.16,26-04-22 16:45,2022-04-26T16:45:00+00:00,
219,"Tue, 26 Apr 2022 21:09:15 +0000",20220426.2108.001,Underway Science Seawater Diaphragm Pump,TOI Discrete,NaN,NaN,NaN,40.361616,-70.875997,,blongworth,TOI bottle 471,ar66b,20220426.2108.001,20220425.21,25-04-22 21:27,2022-04-25T21:27:00+00:00,
220,"Tue, 26 Apr 2022 21:49:16 +0000",20220426.2143.001,CTD911,deploy,NaN,B5,036,40.099192,-70.665162,131,aReed1,Along shelf CTD survey,ar66b,20220426.2143.001,20220426.21,26-04-22 21:49,2022-04-26T21:49:16+00:00, & Wed Apr 27 02:41:29 2022 & Wed Apr 27 02:43:29 2022
221,"Tue, 26 Apr 2022 21:56:32 +0000",20220426.2149.001,CTD911,maxDepth,NaN,B5,036,40.099801,-70.664438,131,aReed1,Along shelf CTD survey; max depth 126 m,ar66b,20220426.2149.001,20220426.22,26-04-22 21:56,2022-04-26T21:56:32+00:00, & Wed Apr 27 11:47:01 2022
222,"Tue, 26 Apr 2022 21:59:26 +0000",20220426.2157.001,EIMS,start,NaN,NaN,NaN,41.403699,-70.844651,,blongworth,,ar66b,20220426.2157.001,20220420.11,20-04-22 11:15,2022-04-20T11:15:00+00:00,
223,"Tue, 26 Apr 2022 22:04:56 +0000",20220426.2204.001,CTD911,recover,NaN,B5,036,40.100412,-70.663454,130,aReed1,Along shelf CTD survey,ar66b,ar66b-SE-20220426.2204.001,20220426.22,26-04-22 22:05,2022-04-26T22:04:56+00:00,
224,"Tue, 26 Apr 2022 22:41:51 +0000",20220426.2237.001,CTD911,deploy,NaN,B4,037,40.098252,-70.555273,129,aReed1,Along shelf CTD survey,ar66b,20220426.2237.001,20220426.22,26-04-22 22:41,2022-04-26T22:41:51+00:00,
225,"Tue, 26 Apr 2022 22:49:40 +0000",20220426.2244.001,CTD911,maxDepth,NaN,B4,037,40.098379,-70.555082,129,aReed1,Along shelf CTD survey; max depth 123 m,ar66b,20220426.2244.001,20220426.22,26-04-22 22:49,2022-04-26T22:49:40+00:00, & Wed Apr 27 11:47:33 2022
226,"Tue, 26 Apr 2022 22:56:43 +0000",20220426.2254.001,CTD911,recover,NaN,B4,037,40.098544,-70.554851,130,aReed1,Along shelf CTD survey,ar66b,20220426.2254.001,20220426.23,26-04-22 22:56,2022-04-26T22:56:43+00:00,
227,"Tue, 26 Apr 2022 23:31:14 +0000",20220426.2330.001,Incubation Grazing,stop,NaN,L6,022,40.099059,-70.557885,,pMarrec1,,ar66b,20220426.2330.001,20220426.22,26-04-22 22:35,2022-04-26T22:35:40+00:00,
228,"Tue, 26 Apr 2022 23:35:26 +0000",20220426.2332.001,CTD911,deploy,NaN,B3,038,40.097934,-70.446583,128,aReed1,Along shelf CTD survey,ar66b,20220426.2332.001,20220426.23,26-04-22 23:35,2022-04-26T23:35:26+00:00,
229,"Tue, 26 Apr 2022 23:44:14 +0000",20220426.2344.001,CTD911,maxDepth,NaN,B3,038,40.097689,-70.446847,128,aReed1,Along shelf CTD survey; max depth 123 m,ar66b,ar66b-SE-20220426.2344.001,20220426.23,26-04-22 23:44,2022-04-26T23:44:14+00:00, & Tue Apr 26 23:53:04 2022 & Wed Apr 27 11:47:58 2022
230,"Tue, 26 Apr 2022 23:48:46 +0000",20220426.2347.001,Ring Net,recover,NaN,L6,R022,40.361614,-70.875987,93,pMarrec1,Target Depth 91m,ar66b,20220426.2347.001,20220425.21,25-04-22 21:43,2022-04-25T21:43:00+00:00, & Tue Apr 26 23:49:41 2022
231,"Tue, 26 Apr 2022 23:49:25 +0000",20220426.2348.001,Ring Net,deploy,NaN,L6,R022,40.361614,-70.876003,93,pMarrec1,Target Depth 91m,ar66b,20220426.2348.001,20220425.21,25-04-22 21:35,2022-04-25T21:35:00+00:00, & Tue Apr 26 23:49:58 2022
232,"Tue, 26 Apr 2022 23:51:48 +0000",20220426.2344.002,CTD911,recover,NaN,B3,038,40.097539,-70.447029,128,aReed1,Along shelf CTD survey,ar66b,20220426.2344.001,20220426.24,26-04-22 23:51,2022-04-26T23:51:48+00:00, & Tue Apr 26 23:53:18 2022
233,"Tue, 26 Apr 2022 23:59:06 +0000",20220426.2359.001,CTD911,deploy,NaN,CN - L8,020,40.133937,-70.769962,135,blongworth,NES-LTER Station L8,ar66b,ar66b-SE-20220426.2359.001,20220424.22,24-04-22 22:03,2022-04-24T22:03:00+00:00, & Wed Apr 27 00:03:45 2022 & Wed Apr 27 02:25:39 2022
234,"Wed, 27 Apr 2022 00:01:25 +0000",20220426.2359.002,CTD911,maxDepth,NaN,CN - L8,020,40.133942,-70.769965,135,blongworth,NES-LTER Station L8 max depth 130m,ar66b,20220426.2359.001,20220424.22,24-04-22 22:09,2022-04-24T22:09:00+00:00, & Wed Apr 27 00:04:23 2022 & Wed Apr 27 02:25:55 2022
235,"Wed, 27 Apr 2022 00:02:23 +0000",20220427.0001.001,CTD911,recover,NaN,CN - L8,020,40.133938,-70.769961,135,blongworth,NES-LTER Station L8,ar66b,20220427.0001.001,20220424.22,24-04-22 22:27,2022-04-24T22:27:00+00:00, & Wed Apr 27 00:04:44 2022 & Wed Apr 27 02:26:10 2022
236,"Wed, 27 Apr 2022 00:35:48 +0000",20220427.0033.001,CTD911,deploy,NaN,B2,039,40.098357,-70.337614,125,aReed1,Along shelf CTD survey,ar66b,20220427.0033.001,20220427,27-04-22 00:35,2022-04-27T00:35:48+00:00,
237,"Wed, 27 Apr 2022 00:42:43 +0000",20220427.0038.001,CTD911,maxDepth,NaN,B2,039,40.098183,-70.33792,125,aReed1,Along shelf CTD survey; max depth 120 m,ar66b,20220427.0038.001,20220427,27-04-22 00:42,2022-04-27T00:42:43+00:00, & Wed Apr 27 11:48:22 2022
238,"Wed, 27 Apr 2022 00:48:23 +0000",20220427.0042.001,CTD911,recover,NaN,B2,039,40.097992,-70.338254,125,aReed1,Along shelf CTD survey,ar66b,20220427.0042.001,20220427,27-04-22 00:48,2022-04-27T00:48:23+00:00,
239,"Wed, 27 Apr 2022 01:31:15 +0000",20220427.0125.001,CTD911,deploy,NaN,B1,040,40.097424,-70.227169,149,aReed1,Along shelf CTD survey,ar66b,20220427.0125.001,20220427.01,27-04-22 01:31,2022-04-27T01:31:15+00:00,
240,"Wed, 27 Apr 2022 01:38:53 +0000",20220427.0134.001,CTD911,maxDepth,NaN,B1,040,40.097314,-70.227321,149,aReed1,Along shelf CTD survey; max depth 144 m,ar66b,20220427.0134.001,20220427.01,27-04-22 01:38,2022-04-27T01:38:53+00:00, & Wed Apr 27 11:48:44 2022
241,"Wed, 27 Apr 2022 01:46:58 +0000",20220427.0138.001,CTD911,recover,NaN,B1,040,40.097185,-70.227523,149,aReed1,Along shelf CTD survey,ar66b,20220427.0138.001,20220427.01,27-04-22 01:47,2022-04-27T01:46:58+00:00,
242,"Wed, 27 Apr 2022 02:20:20 +0000",20220427.0219.001,CTD911,deploy,NaN,IS - L6,016,40.363444,-70.882301,94,tCrockford1,NES-LTER Cast,ar66b,20220427.0219.001,20220423.21,23-04-22 21:49,2022-04-23T21:49:00+00:00,
243,"Wed, 27 Apr 2022 02:21:34 +0000",20220427.0220.001,CTD911,maxDepth,NaN,IS - L6,016,40.363443,-70.882303,94,tCrockford1,max depth 89m,ar66b,20220427.0220.001,20220423.22,23-04-22 21:59,2022-04-23T21:59:00+00:00,
244,"Wed, 27 Apr 2022 02:22:06 +0000",20220427.0222.001,CTD911,recover,NaN,IS - L6,016,40.363446,-70.882313,94,tCrockford1,NES-LTER Cast,ar66b,ar66b-SE-20220427.0222.001,20220423.22,23-04-22 22:06,2022-04-23T22:06:00+00:00,
245,"Wed, 27 Apr 2022 02:39:39 +0000",20220427.0239.001,CTD911,maxDepth,NaN,B8,033,40.09893,-70.988917,163,aReed1,Along shelf CTD survey; max depth 158 m,ar66b,ar66b-SE-20220427.0239.001,20220426.15,26-04-22 15:46,2022-04-26T15:46:00+00:00, & Wed Apr 27 11:45:20 2022
246,"Wed, 27 Apr 2022 12:05:37 +0000",20220427.1156.001,CTD911,deploy,NaN,L11,041,39.772791,-70.882804,1589,aReed1,Cross-shelf survey,ar66b,20220427.1156.001,20220427.12,27-04-22 12:05,2022-04-27T12:05:37+00:00, & Wed Apr 27 12:07:44 2022
247,"Wed, 27 Apr 2022 12:20:08 +0000",20220427.1217.001,CTD911,maxDepth,NaN,L11,041,39.770013,-70.878434,1613,aReed1,Cross-shelf survey; max depth 501 m,ar66b,20220427.1217.001,20220427.12,27-04-22 12:20,2022-04-27T12:20:08+00:00,
248,"Wed, 27 Apr 2022 12:36:14 +0000",20220427.1231.001,CTD911,recover,NaN,L11,041,39.767026,-70.874807,1616,aReed1,Cross-shelf survey,ar66b,20220427.1231.001,20220427.12,27-04-22 12:36,2022-04-27T12:36:14+00:00,
249,"Wed, 27 Apr 2022 13:24:04 +0000",20220427.1321.001,CTD911,deploy,NaN,L10.5,042,39.856356,-70.883034,809,aReed1,Cross-shelf survey,ar66b,20220427.1321.001,20220427.13,27-04-22 13:24,2022-04-27T13:24:04+00:00,
250,"Wed, 27 Apr 2022 13:37:14 +0000",20220427.1333.001,CTD911,maxDepth,NaN,L10.5,042,39.85425,-70.879728,819,aReed1,Cross-shelf survey; max depth 502 m,ar66b,20220427.1333.001,20220427.13,27-04-22 13:37,2022-04-27T13:37:14+00:00,
251,"Wed, 27 Apr 2022 13:52:13 +0000",20220427.1337.001,CTD911,recover,NaN,L10.5,042,39.852271,-70.877058,880,aReed1,Cross-shelf survey,ar66b,20220427.1337.001,20220427.14,27-04-22 13:52,2022-04-27T13:52:13+00:00,
252,"Wed, 27 Apr 2022 14:39:09 +0000",20220427.1434.001,CTD911,deploy,NaN,L10,043,39.93431,-70.87588,458,aReed1,Cross-shelf survey,ar66b,20220427.1434.001,20220427.14,27-04-22 14:39,2022-04-27T14:39:09+00:00,
253,"Wed, 27 Apr 2022 14:54:34 +0000",20220427.1439.001,CTD911,maxDepth,NaN,L10,043,39.933382,-70.875558,458,aReed1,Cross-shelf survey; mas depth 452 m,ar66b,20220427.1439.001,20220427.15,27-04-22 14:54,2022-04-27T14:54:34+00:00,
254,"Wed, 27 Apr 2022 15:10:10 +0000",20220427.1454.001,CTD911,recover,NaN,L10,043,39.932371,-70.873601,474,aReed1,Cross-shelf survey,ar66b,20220427.1454.001,20220427.15,27-04-22 15:10,2022-04-27T15:10:10+00:00,
255,"Wed, 27 Apr 2022 15:54:34 +0000",20220427.1551.001,CTD911,deploy,NaN,L9.5,044,40.019405,-70.883647,254,aReed1,Cross-shelf survey,ar66b,20220427.1551.001,20220427.16,27-04-22 15:54,2022-04-27T15:54:34+00:00,
256,"Wed, 27 Apr 2022 16:05:47 +0000",20220427.1603.001,CTD911,maxDepth,NaN,L9.5,044,40.019189,-70.883779,255,aReed1,Cross-shelf survey; max depth 249 m,ar66b,20220427.1603.001,20220427.16,27-04-22 16:05,2022-04-27T16:05:47+00:00,
257,"Wed, 27 Apr 2022 16:15:41 +0000",20220427.1612.001,CTD911,recover,NaN,L9.5,044,40.018702,-70.884023,254,aReed1,Cross-shelf survey,ar66b,20220427.1612.001,20220427.16,27-04-22 16:15,2022-04-27T16:15:41+00:00,
258,"Wed, 27 Apr 2022 16:57:47 +0000",20220427.1654.001,CTD911,deploy,NaN,L9,045,40.09858,-70.883244,148,aReed1,Cross-shelf survey,ar66b,20220427.1654.001,20220427.17,27-04-22 16:57,2022-04-27T16:57:47+00:00,
259,"Wed, 27 Apr 2022 17:05:16 +0000",20220427.1703.001,CTD911,maxDepth,NaN,L9,045,40.09776,-70.883458,148,aReed1,Cross-shelf survey; max depth 142 m,ar66b,20220427.1703.001,20220427.17,27-04-22 17:05,2022-04-27T17:05:16+00:00,
260,"Wed, 27 Apr 2022 17:14:36 +0000",20220427.1711.001,CTD911,recover,NaN,L9,045,40.096768,-70.883767,149,aReed1,Cross-shelf survey,ar66b,20220427.1711.001,20220427.17,27-04-22 17:14,2022-04-27T17:14:36+00:00,
261,"Wed, 27 Apr 2022 17:55:02 +0000",20220427.1750.001,CTD911,deploy,NaN,L7.5,046,40.161613,-70.883875,137,aReed1,Cross-shelf survey,ar66b,20220427.1750.001,20220427.18,27-04-22 17:55,2022-04-27T17:55:02+00:00,
262,"Wed, 27 Apr 2022 18:02:17 +0000",20220427.1800.001,CTD911,maxDepth,NaN,L7.5,046,40.161143,-70.884032,137,aReed1,Cross-shelf survey; max depth 132 m,ar66b,20220427.1800.001,20220427.18,27-04-22 18:02,2022-04-27T18:02:17+00:00,
263,"Wed, 27 Apr 2022 18:10:08 +0000",20220427.1802.001,CTD911,recover,NaN,L7.5,046,40.160527,-70.884201,137,aReed1,Cross-shelf survey,ar66b,20220427.1802.001,20220427.18,27-04-22 18:10,2022-04-27T18:10:08+00:00,
264,"Wed, 27 Apr 2022 18:41:35 +0000",20220427.1841.001,Underway Science Seawater Diaphragm Pump,FCM Discrete,NaN,L7,UW10,40.227049,-70.883219,,tCrockford1,,ar66b,20220427.1841.001,20220427.18,27-04-22 18:41,2022-04-27T18:41:35+00:00,
265,"Wed, 27 Apr 2022 18:45:18 +0000",20220427.1843.001,CTD911,deploy,NaN,L7,047,40.227203,-70.883569,128,aReed1,Cross-shelf survey,ar66b,20220427.1843.001,20220427.18,27-04-22 18:45,2022-04-27T18:45:18+00:00,
266,"Wed, 27 Apr 2022 18:52:49 +0000",20220427.1851.001,CTD911,maxDepth,NaN,L7,047,40.226978,-70.883604,128,aReed1,Cross-shelf survey; max depth 123 m,ar66b,20220427.1851.001,20220427.19,27-04-22 18:52,2022-04-27T18:52:49+00:00,
267,"Wed, 27 Apr 2022 19:01:59 +0000",20220427.1852.001,CTD911,recover,NaN,L7,047,40.226743,-70.883621,128,aReed1,Cross-shelf survey,ar66b,20220427.1852.001,20220427.19,27-04-22 19:02,2022-04-27T19:01:59+00:00,
268,"Wed, 27 Apr 2022 19:13:33 +0000",20220427.1912.001,Underway Science Seawater Diaphragm Pump,Chl Discrete,NaN,NaN,NaN,39.852649,-70.877493,,pMarrec1,Sample 25,ar66b,20220427.1912.001,20220427.14,27-04-22 13:50,2022-04-27T13:50:00+00:00,
269,"Wed, 27 Apr 2022 19:13:58 +0000",20220427.1913.001,Underway Science Seawater Diaphragm Pump,Chl Discrete,NaN,NaN,NaN,39.932595,-70.874135,,pMarrec1,Sample 26,ar66b,20220427.1913.001,20220427.15,27-04-22 15:07,2022-04-27T15:07:00+00:00,
270,"Wed, 27 Apr 2022 19:14:27 +0000",20220427.1914.001,Underway Science Seawater Diaphragm Pump,Chl Discrete,NaN,NaN,NaN,40.01886,-70.883943,,pMarrec1,Sample 27,ar66b,20220427.1914.001,20220427.16,27-04-22 16:13,2022-04-27T16:13:00+00:00,
271,"Wed, 27 Apr 2022 19:15:02 +0000",20220427.1914.002,Underway Science Seawater Diaphragm Pump,Chl Discrete,NaN,NaN,NaN,40.096993,-70.883703,,pMarrec1,Sample 28,ar66b,20220427.1914.002,20220427.17,27-04-22 17:12,2022-04-27T17:12:00+00:00,
272,"Wed, 27 Apr 2022 19:43:17 +0000",20220427.1936.001,CTD911,deploy,NaN,L6.5,048,40.296182,-70.883375,116,aReed1,Cross-shelf survey,ar66b,20220427.1936.001,20220427.19,27-04-22 19:43,2022-04-27T19:43:17+00:00,
273,"Wed, 27 Apr 2022 19:49:57 +0000",20220427.1948.001,CTD911,maxDepth,NaN,L6.5,048,40.295368,-70.88322,116,aReed1,Cross-shelf survey; max depth 110 m,ar66b,20220427.1948.001,20220427.19,27-04-22 19:50,2022-04-27T19:49:57+00:00,
274,"Wed, 27 Apr 2022 20:00:34 +0000",20220427.1957.001,CTD911,recover,NaN,L6.5,048,40.294726,-70.88305,116,aReed1,Cross-shelf survey,ar66b,20220427.1957.001,20220427.2,27-04-22 20:00,2022-04-27T20:00:34+00:00,
275,"Wed, 27 Apr 2022 20:36:20 +0000",20220427.2035.001,CTD911,deploy,NaN,L6,049,40.363665,-70.882361,101,aReed1,Cross-shelf survey,ar66b,20220427.2035.001,20220427.2,27-04-22 20:36,2022-04-27T20:36:20+00:00,
276,"Wed, 27 Apr 2022 20:43:02 +0000",20220427.2042.001,CTD911,maxDepth,NaN,L6,049,40.363444,-70.882338,95,aReed1,Cross-shelf survey; max depth 90 m,ar66b,20220427.2042.001,20220427.2,27-04-22 20:43,2022-04-27T20:43:02+00:00,
277,"Wed, 27 Apr 2022 20:49:44 +0000",20220427.2047.001,CTD911,recover,NaN,L6,049,40.363179,-70.882323,95,aReed1,Cross-shelf survey,ar66b,20220427.2047.001,20220427.2,27-04-22 20:49,2022-04-27T20:49:44+00:00,
278,"Wed, 27 Apr 2022 21:53:32 +0000",20220427.2152.001,CTD911,deploy,NaN,L5,050,40.513099,-70.882646,78,aReed1,Cross-shelf survey,ar66b,20220427.2152.001,20220427.22,27-04-22 21:53,2022-04-27T21:53:32+00:00,
279,"Wed, 27 Apr 2022 21:59:27 +0000",20220427.2158.001,CTD911,maxDepth,NaN,L5,050,40.51382,-70.882257,78,aReed1,Cross-shelf survey; max depth 73 m,ar66b,20220427.2158.001,20220427.22,27-04-22 21:59,2022-04-27T21:59:27+00:00,
280,"Wed, 27 Apr 2022 22:06:23 +0000",20220427.2159.001,CTD911,recover,NaN,L5,050,40.514548,-70.88192,78,aReed1,Cross-shelf survey,ar66b,20220427.2159.001,20220427.22,27-04-22 22:06,2022-04-27T22:06:23+00:00,
281,"Wed, 27 Apr 2022 23:20:42 +0000",20220427.2317.001,CTD911,deploy,NaN,L4,051,40.696458,-70.882853,67,aReed1,Cross-shelf survey,ar66b,20220427.2317.001,20220427.23,27-04-22 23:20,2022-04-27T23:20:42+00:00,
282,"Wed, 27 Apr 2022 23:26:35 +0000",20220427.2320.001,CTD911,maxDepth,NaN,L4,051,40.696791,-70.882787,67,aReed1,Cross-shelf survey; max depth 61 m,ar66b,20220427.2320.001,20220427.23,27-04-22 23:26,2022-04-27T23:26:35+00:00,
283,"Wed, 27 Apr 2022 23:33:06 +0000",20220427.2326.001,CTD911,recover,NaN,L4,051,40.696663,-70.882791,67,aReed1,Cross-shelf survey,ar66b,20220427.2326.001,20220427.23,27-04-22 23:33,2022-04-27T23:33:06+00:00,
284,"Wed, 27 Apr 2022 23:59:40 +0000",20220427.2357.001,Underway Science Seawater Diaphragm Pump,TOI Discrete,NaN,L4,NaN,40.696743,-70.882802,,blongworth,TOI bottles 289 and 312,ar66b,20220427.2357.001,20220427.23,27-04-22 23:30,2022-04-27T23:30:00+00:00,
285,"Thu, 28 Apr 2022 00:46:14 +0000",20220428.0042.001,CTD911,deploy,NaN,L3,052,40.86306,-70.883519,56,aReed1,Cross-shelf survey,ar66b,20220428.0042.001,20220428,28-04-22 00:46,2022-04-28T00:46:14+00:00,
286,"Thu, 28 Apr 2022 00:50:11 +0000",20220428.0046.001,CTD911,maxDepth,NaN,L3,052,40.863223,-70.883473,56,aReed1,Cross-shelf survey; max depth 51 m,ar66b,20220428.0046.001,20220428.01,28-04-22 00:50,2022-04-28T00:50:11+00:00,
287,"Thu, 28 Apr 2022 00:55:12 +0000",20220428.0050.001,CTD911,recover,NaN,L3,052,40.863307,-70.883457,56,aReed1,Cross-shelf survey,ar66b,20220428.0050.001,20220428.01,28-04-22 00:55,2022-04-28T00:55:12+00:00,
288,"Thu, 28 Apr 2022 02:11:23 +0000",20220428.0206.001,CTD911,deploy,NaN,L2,053,41.029479,-70.882338,47,aReed1,Cross-shelf survey,ar66b,20220428.0206.001,20220428.02,28-04-22 02:11,2022-04-28T02:11:23+00:00,
289,"Thu, 28 Apr 2022 02:15:45 +0000",20220428.0211.001,CTD911,maxDepth,NaN,L2,053,41.029254,-70.881583,47,aReed1,Cross-shelf survey; max depth 41 m,ar66b,20220428.0211.001,20220428.02,28-04-22 02:15,2022-04-28T02:15:45+00:00,
290,"Thu, 28 Apr 2022 02:20:42 +0000",20220428.0215.001,CTD911,recover,NaN,L2,053,41.028972,-70.880839,47,aReed1,Cross-shelf survey,ar66b,20220428.0215.001,20220428.02,28-04-22 02:20,2022-04-28T02:20:42+00:00,
291,"Thu, 28 Apr 2022 03:09:57 +0000",20220428.0309.001,Underway Science Seawater Diaphragm Pump,FCM Discrete,NaN,L1.5,UW11,41.122918,-70.891061,,tCrockford1,,ar66b,20220428.0309.001,20220428.03,28-04-22 03:10,2022-04-28T03:09:57+00:00,
292,"Thu, 28 Apr 2022 03:57:54 +0000",20220428.0357.001,Knudsen 3260,stop,NaN,NaN,NaN,41.196024,-70.882565,,cCarlin1,,ar66b,20220428.0357.001,20220428.04,28-04-22 03:57,2022-04-28T03:57:54+00:00,
293,"Thu, 28 Apr 2022 04:11:20 +0000",20220428.0411.001,IFCB ,stop,NaN,NaN,NaN,41.222637,-70.89002,,tCrockford1,,ar66b,20220428.0411.001,20220428.04,28-04-22 04:11,2022-04-28T04:11:20+00:00,
294,"Thu, 28 Apr 2022 04:13:56 +0000",20220428.0413.001,HZG Wave Radar ,stop,NaN,NaN,NaN,41.228759,-70.891252,,cCarlin1,,ar66b,20220428.0413.001,20220428.04,28-04-22 04:14,2022-04-28T04:13:56+00:00,
296,"Thu, 28 Apr 2022 04:15:51 +0000",20220428.0415.001,UHDAS,stop,NaN,NaN,NaN,41.233292,-70.892201,,cCarlin1,,ar66b,20220428.0415.001,20220428.04,28-04-22 04:15,2022-04-28T04:15:51+00:00,
297,"Thu, 28 Apr 2022 04:15:54 +0000",20220428.0415.002,UHDAS,stop,NaN,NaN,NaN,41.23341,-70.892218,,cCarlin1,,ar66b,ar66b-SE-20220428.0415.001,20220428.04,28-04-22 04:15,2022-04-28T04:15:54+00:00,
298,"Thu, 28 Apr 2022 04:15:57 +0000",20220428.0415.003,UHDAS,stop,NaN,NaN,NaN,41.233532,-70.892254,,cCarlin1,,ar66b,ar66b-SE-20220428.0415.002,20220428.04,28-04-22 04:16,2022-04-28T04:15:57+00:00,
299,"Thu, 28 Apr 2022 04:19:40 +0000",20220428.0419.001,Underway Science seawater,stop,NaN,NaN,NaN,41.242257,-70.893936,,cCarlin1,,ar66b,20220428.0419.001,20220428.04,28-04-22 04:19,2022-04-28T04:19:40+00:00,
300,"Thu, 28 Apr 2022 04:20:58 +0000",20220428.0420.001,PCO2,stop,NaN,NaN,NaN,41.245417,-70.894447,,cCarlin1,,ar66b,20220428.0420.001,20220428.04,28-04-22 04:21,2022-04-28T04:20:58+00:00,
301,"Thu, 28 Apr 2022 04:31:56 +0000",20220428.0431.001,Valeport SVS,stop,NaN,NaN,NaN,41.271471,-70.899742,,cCarlin1,raised the valeport,ar66b,20220428.0431.001,20220428.04,28-04-22 04:32,2022-04-28T04:31:56+00:00,
302,"Thu, 28 Apr 2022 04:32:09 +0000",20220428.0431.002,Transmissometer 25cm,other,NaN,NaN,NaN,41.271985,-70.899864,,cCarlin1,ran calibration scripts for light/dark/fresh,ar66b,20220428.0431.002,20220428.04,28-04-22 04:32,2022-04-28T04:32:09+00:00,
303,"Thu, 28 Apr 2022 04:32:20 +0000",20220428.0432.001,Transmissometer 10cm,other,NaN,NaN,NaN,41.272418,-70.899951,,cCarlin1,ran calibration scripts for light/dark/fresh,ar66b,20220428.0432.001,20220428.04,28-04-22 04:32,2022-04-28T04:32:20+00:00,
304,"Thu, 28 Apr 2022 04:39:38 +0000",20220428.0439.001,Attune,stop,NaN,NaN,NaN,41.289926,-70.903287,,tCrockford1,,ar66b,20220428.0439.001,20220428.04,28-04-22 04:39,2022-04-28T04:39:38+00:00,
305,"Thu, 28 Apr 2022 04:46:24 +0000",20220428.0445.001,CTD911,deploy,NaN,L1,054,41.19631,-70.882462,21,pMarrec1,Cross-shelf survey,ar66b,20220428.0445.001,20220428.04,28-04-22 03:51,2022-04-28T03:51:00+00:00,
306,"Thu, 28 Apr 2022 04:47:17 +0000",20220428.0446.001,CTD911,maxDepth,NaN,L1,054,41.196263,-70.882453,22,pMarrec1,Cross-shelf survey - max depth 17m,ar66b,20220428.0446.001,20220428.04,28-04-22 03:52,2022-04-28T03:52:00+00:00,
307,"Thu, 28 Apr 2022 04:47:53 +0000",20220428.0447.001,CTD911,recover,NaN,L1,054,41.196241,-70.882467,22,pMarrec1,Cross-shelf survey,ar66b,20220428.0447.001,20220428.04,28-04-22 03:54,2022-04-28T03:54:00+00:00,
308,"Thu, 28 Apr 2022 13:59:07 +0000",20220428.1358.001,Ship,endCruise,NaN,NaN,NaN,41.523302,-70.673197,,eCheung1,,ar66b,20220428.1358.001,20220428.14,28-04-22 13:59,2022-04-28T13:59:07+00:00,
