"Message ID","Date","Event","Instrument","Action","Transect","Station","Cast","Latitude","Longitude","Seafloor","Author","Comment","Cruise","R2R_Event","dateTimeUTC","GPS_Time","dateTime8601","Revisions"
1,Thu  27 Apr 2023 13:22:01 +0000,"20230427.1321.001","Other","other","NaN","NaN","NaN"," 41.523943"," -70.672193",,"hSosik1","test gps","hrs2303HS","20230427.1321.001","20230427.1322","2023/04/27 13:22:00","2023-04-27T13:22:01+00:00",
2,Sat  29 Apr 2023 03:34:27 +0000,"20230429.0331.001","Thermosalinographs on underway impeller","start","NaN","NaN","NaN"," 41.509083"," -70.669692",,"anOther","RVHRS Technicians started underway surface mapping system (SBE45 Underway sampling via impeller pump)","hrs2303HS","20230429.0331.001","20230429.0334","2023/04/29 03:34:26","2023-04-29T03:34:27+00:00",
3,Sat  29 Apr 2023 09:24:31 +0000,"20230429.0923.001","IFCB continuous","start","NaN","NaN","NaN"," 41.320437"," -70.567420",,"tCrockford1","UFCB109","hrs2303HS","20230429.0923.001","20230429.0915","2023/04/29 09:14:52","2023-04-29T09:15:00+00:00",
4,Sat  29 Apr 2023 09:24:56 +0000,"20230429.0924.001","Attune Flow Cytometer","start","NaN","NaN","NaN"," 41.320335"," -70.576903",,"tCrockford1",,"hrs2303HS","20230429.0924.001","20230429.0920","2023/04/29 09:19:52","2023-04-29T09:20:00+00:00",
5,Sat  29 Apr 2023 13:16:44 +0000,"20230429.1315.001","CTD911","deploy","NaN","MVCO","01"," 41.327308"," -70.560303",,"hSosik1",,"hrs2303HS","20230429.1315.001","20230429.1043","2023/04/29 10:42:52","2023-04-29T10:43:00+00:00"," & Sat Apr 29 13:18:05 2023"
6,Sat  29 Apr 2023 13:19:25 +0000,"20230429.1318.001","Bongo Net","deploy","NaN","MVCO","B01"," 41.320367"," -70.579095",,"hSosik1",,"hrs2303HS","20230429.1318.001","20230429.1157","2023/04/29 11:56:52","2023-04-29T11:57:00+00:00"," & Sat Apr 29 13:23:40 2023"
7,Sat  29 Apr 2023 13:20:30 +0000,"20230429.1319.001","Bongo Net","recover","NaN","MVCO","B01"," 41.319090"," -70.577403",,"hSosik1",,"hrs2303HS","20230429.1319.001","20230429.1201","2023/04/29 12:00:52","2023-04-29T12:01:00+00:00"," & Sat Apr 29 13:24:09 2023"
8,Sat  29 Apr 2023 13:29:41 +0000,"20230429.1329.001","PAR Irradiance Sensor","start","NaN","NaN","NaN"," 41.305385"," -70.573433",,"tCrockford1",,"hrs2303HS","20230429.1329.001","20230429.0831","2023/04/29 08:30:52","2023-04-29T08:31:00+00:00",
9,Sat  29 Apr 2023 13:40:44 +0000,"20230429.1340.001","Surface PAR","start","NaN","NaN","NaN"," 41.305385"," -70.573433",,"tCrockford1",,"hrs2303HS","20230429.1340.001","20230429.0831","2023/04/29 08:30:52","2023-04-29T08:31:00+00:00",
10,Sat  29 Apr 2023 13:49:20 +0000,"20230429.1349.001","ADCP300","start","NaN","NaN","NaN"," 41.213733"," -70.845422",,"hSosik1",,"hrs2303HS","20230429.1349.001","20230429.1348","2023/04/29 13:47:51","2023-04-29T13:48:00+00:00"," & Sat Apr 29 17:04:24 2023"
11,Sat  29 Apr 2023 13:50:20 +0000,"20230429.1349.002","ADCP300","start","NaN","NaN","NaN"," 41.319568"," -70.538123",,"hSosik1",,"hrs2303HS","20230429.1349.002","20230429.0900","2023/04/29 08:59:52","2023-04-29T09:00:00+00:00",
12,Sat  29 Apr 2023 13:51:16 +0000,"20230429.1350.001","ADCP300","stop","NaN","NaN","NaN"," 41.225037"," -70.816363",,"hSosik1",,"hrs2303HS","20230429.1350.001","20230429.1337","2023/04/29 13:36:51","2023-04-29T13:37:00+00:00"," & Sat Apr 29 17:03:29 2023"
13,Sat  29 Apr 2023 14:05:32 +0000,"20230429.1403.001","Knudsen 3260","start","NaN","NaN","NaN"," 41.319568"," -70.538123",,"hSosik1",,"hrs2303HS","20230429.1403.001","20230429.0900","2023/04/29 08:59:52","2023-04-29T09:00:00+00:00"," & Sat Apr 29 18:57:13 2023"
14,Sat  29 Apr 2023 14:08:28 +0000,"20230429.1405.001","Knudsen 3260","stop","NaN","NaN","NaN"," 41.222950"," -70.821743",,"hSosik1",,"hrs2303HS","20230429.1405.001","20230429.1339","2023/04/29 13:38:51","2023-04-29T13:39:00+00:00"," & Sat Apr 29 16:59:35 2023"
16,Sat  29 Apr 2023 16:11:04 +0000,"20230429.1610.001","Attune Flow Cytometer","stop","NaN","NaN","NaN"," 41.408060"," -70.832497",,"tCrockford1",,"hrs2303HS","20230429.1610.001","20230429.1611","2023/04/29 16:11:03","2023-04-29T16:11:04+00:00",
17,Sat  29 Apr 2023 16:11:29 +0000,"20230429.1611.001","IFCB continuous","stop","NaN","NaN","NaN"," 41.408555"," -70.831767",,"tCrockford1","going into dock due to weather","hrs2303HS","20230429.1611.001","20230429.1611","2023/04/29 16:11:28","2023-04-29T16:11:29+00:00",
18,Sat  29 Apr 2023 16:11:46 +0000,"20230429.1611.002","EIMS","stop","NaN","NaN","NaN"," 41.408897"," -70.831250",,"fShigihara1",,"hrs2303HS","20230429.1611.002","20230429.1611","2023/04/29 16:11:45","2023-04-29T16:11:46+00:00",
19,Sat  29 Apr 2023 16:12:11 +0000,"20230429.1611.003","Underway Science seawater diaphragm pump","stop","NaN","NaN","NaN"," 41.409367"," -70.830530",,"tCrockford1","turn off because going into dock due to weather","hrs2303HS","20230429.1611.003","20230429.1612","2023/04/29 16:12:10","2023-04-29T16:12:11+00:00",
20,Sat  29 Apr 2023 17:05:39 +0000,"20230429.1704.001","ADCP300","stop","NaN","NaN","NaN"," 41.202440"," -70.872763",,"mSato2",,"hrs2303HS","20230429.1704.001","20230429.1358","2023/04/29 13:58:36","2023-04-29T13:58:45+00:00",
21,Sat  29 Apr 2023 17:06:27 +0000,"20230429.1705.001","ADCP300","start","NaN","NaN","NaN"," 41.195187"," -70.888113",,"mSato2",,"hrs2303HS","20230429.1705.001","20230429.1410","2023/04/29 14:10:51","2023-04-29T14:10:50+00:00",
22,Sat  29 Apr 2023 17:11:14 +0000,"20230429.1710.001","Simrad EK-80","start","NaN","NaN","NaN"," 41.323282"," -70.558748",,"mSato2",,"hrs2303HS","20230429.1710.001","20230429.1036","2023/04/29 10:36:07","2023-04-29T10:36:05+00:00",
23,Sat  29 Apr 2023 17:12:21 +0000,"20230429.1711.001","Simrad EK-80","stop","NaN","NaN","NaN"," 41.292305"," -70.883267",,"mSato2",,"hrs2303HS","20230429.1711.001","20230429.1505","2023/04/29 15:04:51","2023-04-29T15:05:00+00:00",
24,Mon  01 May 2023 18:07:00 +0000,"20230501.1806.001","ADCP300","stop","NaN","NaN","NaN"," 41.292305"," -70.883267",,"hSosik1",,"hrs2303HS","20230501.1806.001","20230429.1505","2023/04/29 15:04:51","2023-04-29T15:05:00+00:00",
25,Mon  01 May 2023 18:07:58 +0000,"20230501.1807.001","Knudsen 3260","stop","NaN","NaN","NaN"," 41.293315"," -70.883150",,"hSosik1","raise keel coming into dock for gale","hrs2303HS","20230501.1807.001","20230429.1505","2023/04/29 15:05:21","2023-04-29T15:05:30+00:00",
26,Tue  02 May 2023 13:04:16 +0000,"20230502.1302.001","Ship","startCruise","NaN","NaN","NaN"," 41.515032"," -70.671395",,"tCrockford1",,"hrs2303HS","20230502.1302.001","20230429.0330","2023/04/29 03:29:51","2023-04-29T03:30:00+00:00",
27,Tue  02 May 2023 13:10:42 +0000,"20230502.1310.001","Ship","other","NaN","NaN","NaN"," 41.523943"," -70.672175",,"tCrockford1","Depart dock after waiting for weather to pass","hrs2303HS","20230502.1310.001","20230502.1300","2023/05/02 12:59:51","2023-05-02T13:00:00+00:00"," & Tue May  2 16:46:18 2023 & Tue May  2 17:46:21 2023"
28,Tue  02 May 2023 14:55:32 +0000,"20230502.1454.001","ADCP300","start","NaN","NaN","NaN"," 41.492728"," -70.687522",,"mFerguson1",,"hrs2303HS","20230502.1454.001","20230502.1347","2023/05/02 13:47:06","2023-05-02T13:47:08+00:00",
29,Tue  02 May 2023 14:56:48 +0000,"20230502.1455.001","Simrad EK-80","start","NaN","NaN","NaN"," 41.483798"," -70.707753",,"mFerguson1","passive test","hrs2303HS","20230502.1455.001","20230502.1404","2023/05/02 14:04:36","2023-05-02T14:04:38+00:00",
30,Tue  02 May 2023 14:57:55 +0000,"20230502.1456.001","Simrad EK-80","stop","NaN","NaN","NaN"," 41.471922"," -70.720135",,"mFerguson1","end passive test","hrs2303HS","20230502.1456.001","20230502.1450","2023/05/02 14:49:51","2023-05-02T14:50:00+00:00",
31,Tue  02 May 2023 14:59:07 +0000,"20230502.1457.001","Simrad EK-80","start","NaN","NaN","NaN"," 41.471642"," -70.720453",,"mFerguson1","start active mode","hrs2303HS","20230502.1457.001","20230502.1451","2023/05/02 14:50:51","2023-05-02T14:51:00+00:00",
32,Tue  02 May 2023 16:49:58 +0000,"20230502.1646.001","Ship","other","NaN","NaN","NaN"," 41.523938"," -70.672177",,"tCrockford1","return to dock to shelter from weatehr","hrs2303HS","20230502.1646.001","20230429.1815","2023/04/29 18:14:52","2023-04-29T18:15:00+00:00"," & Tue May  2 17:47:55 2023 & Tue May  2 17:49:08 2023 & Tue May  2 17:54:16 2023"
33,Tue  02 May 2023 17:19:36 +0000,"20230502.1719.001","EIMS","start","NaN","NaN","NaN"," 41.431788"," -70.808375",,"fShigihara1",,"hrs2303HS","20230502.1719.001","20230502.1719","2023/05/02 17:19:35","2023-05-02T17:19:36+00:00",
34,Tue  02 May 2023 17:29:23 +0000,"20230502.1728.001","Attune Flow Cytometer","start","NaN","NaN","NaN"," 41.420648"," -70.829755",,"bStevens1",,"hrs2303HS","20230502.1728.001","20230502.1729","2023/05/02 17:29:22","2023-05-02T17:29:23+00:00",
35,Tue  02 May 2023 17:47:16 +0000,"20230502.1746.001","Underway Science seawater diaphragm pump","start","NaN","NaN","NaN"," 41.506810"," -70.667908",,"tCrockford1",,"hrs2303HS","20230502.1746.001","20230502.1324","2023/05/02 13:23:51","2023-05-02T13:24:00+00:00"," & Tue May  2 17:48:38 2023"
36,Tue  02 May 2023 17:50:32 +0000,"20230502.1749.001","Surface PAR","start","NaN","NaN","NaN"," 41.511238"," -70.669702",,"tCrockford1",,"hrs2303HS","20230502.1749.001","20230502.1321","2023/05/02 13:20:51","2023-05-02T13:21:00+00:00",
37,Tue  02 May 2023 17:52:01 +0000,"20230502.1750.001","Ship","other","NaN","NaN","NaN"," 41.494485"," -70.677222",,"tCrockford1","drop keel","hrs2303HS","20230502.1750.001","20230502.1339","2023/05/02 13:38:51","2023-05-02T13:39:00+00:00",
38,Tue  02 May 2023 19:44:19 +0000,"20230502.1944.001","Underwater PAR","recover","NaN","L1","PAR01"," 41.197935"," -70.885802",,"tCrockford1","CTD02; PAR data acq very slow rate on this cast recast at this station with faster rate","hrs2303HS","20230502.1944.001","20230502.1944","2023/05/02 19:44:22","2023-05-02T19:44:19+00:00"," & Thu May  4 09:27:44 2023"
39,Tue  02 May 2023 19:45:06 +0000,"20230502.1944.002","SUNAV2","sync time","NaN","NaN","NaN"," 41.197902"," -70.885847",,"tCrockford1","0 sec off. Did not sync. Held time from Apr 29 sync. Prior to C2","hrs2303HS","20230502.1944.002","20230502.1945","2023/05/02 19:45:05","2023-05-02T19:45:06+00:00",
40,Tue  02 May 2023 19:46:00 +0000,"20230502.1945.001","SUNAV2","sync time","NaN","NaN","NaN"," 41.319552"," -70.571698",,"tCrockford1","1 sec off. Sync prior to C1","hrs2303HS","20230502.1945.001","20230429.1000","2023/04/29 09:59:52","2023-04-29T10:00:00+00:00",
41,Tue  02 May 2023 19:46:32 +0000,"20230502.1946.001","SUNAV2","onCTD","NaN","NaN","NaN"," 41.320103"," -70.595938",,"tCrockford1",,"hrs2303HS","20230502.1946.001","20230429.0930","2023/04/29 09:29:52","2023-04-29T09:30:00+00:00",
42,Tue  02 May 2023 19:47:48 +0000,"20230502.1947.001","Sting Ray","UVP6","NaN","NaN","NaN"," 41.319552"," -70.571698",,"tCrockford1","On for start of cruise. Plan to remain on unless a problem occurs","hrs2303HS","20230502.1947.001","20230429.1000","2023/04/29 09:59:52","2023-04-29T10:00:00+00:00",
43,Tue  02 May 2023 19:49:07 +0000,"20230502.1947.002","Sting Ray","SUNAV2","NaN","NaN","NaN"," 41.319552"," -70.571698",,"tCrockford1","On for start of cruise. Should remain on","hrs2303HS","20230502.1947.002","20230429.1000","2023/04/29 09:59:52","2023-04-29T10:00:00+00:00",
44,Tue  02 May 2023 19:52:13 +0000,"20230502.1950.001","Underwater PAR","deploy","NaN","L1","PAR02"," 41.198072"," -70.885952",,"tCrockford1","CTD02; PAR recast at this station with faster data acq rate","hrs2303HS","20230502.1950.001","20230502.1952","2023/05/02 19:52:07","2023-05-02T19:52:13+00:00"," & Thu May  4 09:28:42 2023 & Thu May  4 09:29:54 2023"
45,Tue  02 May 2023 19:53:55 +0000,"20230502.1953.001","Underwater PAR","recover","NaN","L1","PAR02"," 41.198282"," -70.885883",,"tCrockford1","CTD02","hrs2303HS","20230502.1953.001","20230502.1953","2023/05/02 19:53:51","2023-05-02T19:53:55+00:00"," & Thu May  4 09:29:23 2023"
46,Tue  02 May 2023 20:05:44 +0000,"20230502.1957.001","CTD911","deploy","NaN","L1","02"," 41.199313"," -70.885095",,"hSosik1",,"hrs2303HS","20230502.1957.001","20230502.2005","2023/05/02 20:05:43","2023-05-02T20:05:44+00:00",
47,Tue  02 May 2023 20:45:00 +0000,"20230502.2043.001","Bongo Net","deploy",,"L1","B02"," 41.199542"," -70.883868",,"aCabanelas1",,"hrs2303HS","20230502.2043.001","20230502.2023","2023/05/02 20:22:52","2023-05-02T20:23:00+00:00"," & Fri May  5 14:21:31 2023"
48,Tue  02 May 2023 20:45:42 +0000,"20230502.2045.001","Bongo Net","recover","NaN","L1","B02"," 41.197212"," -70.884832",,"aCabanelas1",,"hrs2303HS","20230502.2045.001","20230502.2029","2023/05/02 20:28:52","2023-05-02T20:29:00+00:00"," & Fri May  5 14:21:44 2023"
49,Tue  02 May 2023 23:15:23 +0000,"20230502.2314.001","Underway Science seawater diaphragm pump","TOI discrete","NaN","NaN","NaN"," 40.919403"," -70.880912",,"aCieza1",,"hrs2303HS","20230502.2314.001","20230502.2315","2023/05/02 23:15:22","2023-05-02T23:15:23+00:00",
50,Tue  02 May 2023 23:53:01 +0000,"20230502.2352.001","Underway Science seawater diaphragm pump","TOI discrete","NaN","NaN","NaN"," 40.852932"," -70.880185",,"aCieza1",,"hrs2303HS","20230502.2352.001","20230502.2353","2023/05/02 23:53:00","2023-05-02T23:53:01+00:00",
51,Wed  03 May 2023 03:18:21 +0000,"20230503.0317.001","Isaacs-Kidd Midwater Trawl","startSample","NaN","L05","01"," 40.512573"," -70.884497",,"aCabanelas1",,"hrs2303HS","20230503.0317.001","20230503.0318","2023/05/03 03:18:22","2023-05-03T03:18:21+00:00"," & Thu May  4 04:33:21 2023 & Fri May  5 15:35:39 2023"
52,Wed  03 May 2023 03:45:21 +0000,"20230503.0344.001","Isaacs-Kidd Midwater Trawl","stopSample","NaN","L05","01"," 40.491578"," -70.903862",,"aCabanelas1",,"hrs2303HS","20230503.0344.001","20230503.0345","2023/05/03 03:45:22","2023-05-03T03:45:21+00:00"," & Thu May  4 04:33:33 2023 & Fri May  5 15:35:59 2023"
53,Wed  03 May 2023 04:20:26 +0000,"20230503.0419.001","CTD911","deploy","NaN","L5","03"," 40.512815"," -70.884290",,"hSosik1",,"hrs2303HS","20230503.0419.001","20230503.0420","2023/05/03 04:20:22","2023-05-03T04:20:26+00:00"," & Thu May  4 08:55:37 2023"
54,Wed  03 May 2023 05:07:00 +0000,"20230503.0506.001","Bongo Net","recover","NaN","L5","B03"," 40.504672"," -70.884727",,"aCabanelas1",,"hrs2303HS","20230503.0506.001","20230503.0507","2023/05/03 05:06:52","2023-05-03T05:07:00+00:00"," & Fri May  5 14:22:14 2023"
55,Wed  03 May 2023 05:07:51 +0000,"20230503.0507.001","Bongo Net","deploy","NaN","L5","B03"," 40.514928"," -70.881560",,"aCabanelas1",,"hrs2303HS","20230503.0507.001","20230503.0450","2023/05/03 04:49:52","2023-05-03T04:50:00+00:00"," & Fri May  5 14:21:55 2023"
56,Wed  03 May 2023 08:44:37 +0000,"20230503.0843.001","Isaacs-Kidd Midwater Trawl","startSample","NaN","L07","02"," 40.277215"," -70.880928",,"mFerguson1",,"hrs2303HS","20230503.0843.001","20230503.0735","2023/05/03 07:34:51","2023-05-03T07:35:00+00:00"," & Thu May  4 09:15:11 2023 & Fri May  5 15:34:38 2023"
57,Wed  03 May 2023 08:45:32 +0000,"20230503.0844.001","Isaacs-Kidd Midwater Trawl","stopSample","NaN","L07","02"," 40.247292"," -70.893535",,"mFerguson1",,"hrs2303HS","20230503.0844.001","20230503.0810","2023/05/03 08:09:51","2023-05-03T08:10:00+00:00"," & Thu May  4 09:16:00 2023 & Fri May  5 15:35:13 2023"
58,Wed  03 May 2023 10:02:51 +0000,"20230503.1001.001","Bongo Net","deploy","NaN","L7","B04"," 40.258380"," -70.886968",,"mSato2",,"hrs2303HS","20230503.1001.001","20230503.0911","2023/05/03 09:11:51","2023-05-03T09:11:49+00:00"," & Wed May  3 18:03:51 2023 & Thu May  4 04:32:27 2023 & Fri May  5 14:22:29 2023"
59,Wed  03 May 2023 10:03:33 +0000,"20230503.1002.001","Bongo Net","recover","NaN","L7","B04"," 40.255712"," -70.891665",,"mSato2",,"hrs2303HS","20230503.1002.001","20230503.0921","2023/05/03 09:20:51","2023-05-03T09:21:00+00:00"," & Wed May  3 18:04:06 2023 & Thu May  4 04:32:41 2023 & Fri May  5 14:22:48 2023"
60,Wed  03 May 2023 12:22:55 +0000,"20230503.1222.001","Bongo Net","deploy","NaN","L8","B05"," 40.152095"," -70.880300",,"mSato2",,"hrs2303HS","20230503.1222.001","20230503.1137","2023/05/03 11:37:22","2023-05-03T11:37:20+00:00"," & Wed May  3 18:01:14 2023 & Fri May  5 14:23:01 2023"
61,Wed  03 May 2023 12:23:40 +0000,"20230503.1222.002","Bongo Net","recover","NaN","L8","B05"," 40.149103"," -70.888502",,"mSato2",,"hrs2303HS","20230503.1222.002","20230503.1152","2023/05/03 11:52:52","2023-05-03T11:52:58+00:00"," & Wed May  3 18:02:43 2023 & Fri May  5 14:23:12 2023"
62,Wed  03 May 2023 18:00:40 +0000,"20230503.1800.001","Underwater PAR","deploy","NaN","L10","PAR05"," 39.938923"," -70.880348",,"aCabanelas1","CTD07","hrs2303HS","20230503.1800.001","20230503.1800","2023/05/03 18:00:36","2023-05-03T18:00:40+00:00"," & Thu May  4 09:34:26 2023"
63,Wed  03 May 2023 18:02:12 +0000,"20230503.1801.001","Bongo Net","deploy","NaN","L9","B06"," 40.047027"," -70.881877",,"aCabanelas1",,"hrs2303HS","20230503.1801.001","20230503.1405","2023/05/03 14:04:51","2023-05-03T14:05:00+00:00"," & Fri May  5 14:23:23 2023"
64,Wed  03 May 2023 18:03:36 +0000,"20230503.1803.001","Bongo Net","recover","NaN","L9","B06"," 40.034065"," -70.895923",,"aCabanelas1",,"hrs2303HS","20230503.1803.001","20230503.1436","2023/05/03 14:35:51","2023-05-03T14:36:00+00:00"," & Fri May  5 14:23:34 2023"
65,Wed  03 May 2023 18:05:34 +0000,"20230503.1805.001","Underwater PAR","recover","NaN","L10","PAR05"," 39.938960"," -70.879222",,"tCrockford1","CTD07; max depth 80","hrs2303HS","20230503.1805.001","20230503.1805","2023/05/03 18:05:36","2023-05-03T18:05:34+00:00"," & Thu May  4 09:35:15 2023 & Thu May  4 09:35:29 2023"
66,Wed  03 May 2023 18:16:35 +0000,"20230503.1813.001","CTD911","deploy","NaN","L10","07"," 39.939300"," -70.876458",,"bGrassian1",,"hrs2303HS","20230503.1813.001","20230503.1816","2023/05/03 18:16:35","2023-05-03T18:16:35+00:00",
67,Wed  03 May 2023 19:38:14 +0000,"20230503.1937.001","Bongo Net","deploy","NaN","L10","B07"," 39.946710"," -70.883635",,"aCabanelas1",,"hrs2303HS","20230503.1937.001","20230503.1938","2023/05/03 19:38:13","2023-05-03T19:38:14+00:00",
68,Wed  03 May 2023 20:04:07 +0000,"20230503.2003.001","Bongo Net","recover","NaN","L10","B07"," 39.927017"," -70.885992",,"aCabanelas1",,"hrs2303HS","20230503.2003.001","20230503.2004","2023/05/03 20:04:07","2023-05-03T20:04:07+00:00"," & Wed May  3 21:34:03 2023"
69,Wed  03 May 2023 21:33:30 +0000,"20230503.2132.001","Isaacs-Kidd Midwater Trawl","startSample","NaN","L11","04"," 39.808325"," -70.883460",,"aCabanelas1",,"hrs2303HS","20230503.2132.001","20230503.2106","2023/05/03 21:05:52","2023-05-03T21:06:00+00:00"," & Thu May  4 04:33:46 2023 & Fri May  5 15:38:41 2023"
70,Wed  03 May 2023 22:39:27 +0000,"20230503.2239.001","Underwater PAR","deploy","NaN","L11","PAR06"," 39.770437"," -70.883130",,"hSosik1","CTD08","hrs2303HS","20230503.2239.001","20230503.2239","2023/05/03 22:39:21","2023-05-03T22:39:27+00:00"," & Thu May  4 09:36:11 2023"
71,Wed  03 May 2023 22:53:22 +0000,"20230503.2253.001","CTD911","deploy","NaN","L11","08"," 39.768860"," -70.884823",,"bStevens1",,"hrs2303HS","20230503.2253.001","20230503.2253","2023/05/03 22:53:18","2023-05-03T22:53:22+00:00"," & Fri May  5 14:16:43 2023"
72,Thu  04 May 2023 00:05:10 +0000,"20230504.0004.001","CTD911","recover","NaN","L11","08"," 39.762683"," -70.895948",,"bGrassian1",,"hrs2303HS","20230504.0004.001","20230504.0005","2023/05/04 00:05:09","2023-05-04T00:05:10+00:00",
73,Thu  04 May 2023 00:23:59 +0000,"20230504.0023.001","Bongo Net","deploy","NaN","L11","B08"," 39.766827"," -70.889727",,"aCabanelas1",,"hrs2303HS","20230504.0023.001","20230504.0023","2023/05/04 00:23:58","2023-05-04T00:23:59+00:00",
74,Thu  04 May 2023 00:51:27 +0000,"20230504.0050.001","Bongo Net","recover","NaN","L11","B08"," 39.778980"," -70.877540",,"aCabanelas1",,"hrs2303HS","20230504.0050.001","20230504.0047","2023/05/04 00:46:51","2023-05-04T00:47:00+00:00",
75,Thu  04 May 2023 01:33:20 +0000,"20230504.0133.001","Underway Science seawater diaphragm pump","TOI discrete","NaN","NaN","NaN"," 39.762827"," -70.895517",,"aCieza1",,"hrs2303HS","hrs2303HS-SE-20230504.0133.001","20230504.0003","2023/05/04 00:02:51","2023-05-04T00:03:00+00:00",
76,Thu  04 May 2023 01:33:54 +0000,"20230504.0133.002","Underway Science seawater diaphragm pump","TOI discrete","NaN","NaN","NaN"," 39.762588"," -70.896265",,"aCieza1",,"hrs2303HS","20230504.0133.001","20230504.0007","2023/05/04 00:06:51","2023-05-04T00:07:00+00:00",
77,Thu  04 May 2023 02:59:39 +0000,"20230504.0256.001","Sting Ray","deploy towed","NaN","L11","tow01"," 39.760292"," -70.899705",,"bGrassian1",,"hrs2303HS","20230504.0256.001","20230504.0220","2023/05/04 02:19:52","2023-05-04T02:20:00+00:00"," & Fri May  5 14:26:06 2023"
78,Thu  04 May 2023 05:24:17 +0000,"20230504.0524.001","Underway Science seawater diaphragm pump","TOI discrete","NaN","NaN","NaN"," 39.933350"," -70.881178",,"aCieza1",,"hrs2303HS","20230504.0524.001","20230504.0524","2023/05/04 05:24:16","2023-05-04T05:24:17+00:00",
79,Thu  04 May 2023 06:10:23 +0000,"20230504.0610.001","Underway Science seawater diaphragm pump","TOI discrete","NaN","NaN","NaN"," 39.993537"," -70.883605",,"aCieza1",,"hrs2303HS","20230504.0610.001","20230504.0610","2023/05/04 06:10:22","2023-05-04T06:10:23+00:00",
80,Thu  04 May 2023 06:47:16 +0000,"20230504.0646.001","Underway Science seawater diaphragm pump","TOI discrete","NaN","NaN","NaN"," 40.041205"," -70.884590",,"aCieza1",,"hrs2303HS","20230504.0646.001","20230504.0647","2023/05/04 06:47:15","2023-05-04T06:47:16+00:00",
81,Thu  04 May 2023 07:32:30 +0000,"20230504.0732.001","Underway Science seawater diaphragm pump","TOI discrete","NaN","NaN","NaN"," 40.099457"," -70.884775",,"aCieza1",,"hrs2303HS","20230504.0732.001","20230504.0732","2023/05/04 07:32:29","2023-05-04T07:32:30+00:00",
82,Thu  04 May 2023 08:07:56 +0000,"20230504.0807.001","Underway Science seawater diaphragm pump","TOI discrete","NaN","NaN","NaN"," 40.144802"," -70.882887",,"aCieza1",,"hrs2303HS","20230504.0807.001","20230504.0807","2023/05/04 08:07:55","2023-05-04T08:07:56+00:00",
83,Thu  04 May 2023 08:49:27 +0000,"20230504.0848.001","Underway Science seawater diaphragm pump","TOI discrete","NaN","NaN","NaN"," 40.198628"," -70.882327",,"aCieza1",,"hrs2303HS","20230504.0848.001","20230504.0849","2023/05/04 08:49:26","2023-05-04T08:49:27+00:00",
84,Thu  04 May 2023 08:55:06 +0000,"20230504.0853.001","CTD911","deploy","NaN","L7","04"," 40.255590"," -70.885258",,"tCrockford1","target depth 120m","hrs2303HS","20230504.0853.001","20230503.0835","2023/05/03 08:34:51","2023-05-03T08:35:00+00:00"," & Thu May  4 09:03:18 2023"
85,Thu  04 May 2023 09:01:05 +0000,"20230504.0900.001","Underway Science seawater diaphragm pump","IFCB discrete","NaN","NaN","UW1"," 40.213640"," -70.882248",,"tCrockford1","run on both IFCB102 and IFCB115","hrs2303HS","20230504.0900.001","20230504.0901","2023/05/04 09:01:06","2023-05-04T09:01:05+00:00"," & Fri May  5 14:39:39 2023"
86,Thu  04 May 2023 09:02:54 +0000,"20230504.0901.001","CTD911","deploy","NaN","L8","05"," 40.153082"," -70.882655",,"tCrockford1","target depth 133m","hrs2303HS","20230504.0901.001","20230503.1050","2023/05/03 10:49:52","2023-05-03T10:50:00+00:00",
87,Thu  04 May 2023 09:06:14 +0000,"20230504.0904.001","CTD911","deploy","NaN","L9","06"," 40.046612"," -70.880700",,"tCrockford1","target depth 202m","hrs2303HS","20230504.0904.001","20230503.1315","2023/05/03 13:14:52","2023-05-03T13:15:00+00:00",
88,Thu  04 May 2023 09:17:19 +0000,"20230504.0916.001","Isaacs-Kidd Midwater Trawl","startSample","NaN","L10","03"," 39.957657"," -70.879893",,"tCrockford1",,"hrs2303HS","20230504.0916.001","20230503.1555","2023/05/03 15:54:51","2023-05-03T15:55:00+00:00"," & Fri May  5 15:36:34 2023"
89,Thu  04 May 2023 09:21:28 +0000,"20230504.0918.001","Underwater PAR","deploy","NaN","L9","PAR04"," 40.046218"," -70.884355",,"tCrockford1","CTD06","hrs2303HS","20230504.0918.001","20230503.1255","2023/05/03 12:54:52","2023-05-03T12:55:00+00:00"," & Thu May  4 09:33:16 2023"
90,Thu  04 May 2023 09:32:36 +0000,"20230504.0931.001","Underwater PAR","deploy","NaN","L8","PAR03"," 40.155702"," -70.880697",,"tCrockford1","CTD04","hrs2303HS","20230504.0931.001","20230503.1030","2023/05/03 10:29:52","2023-05-03T10:30:00+00:00",
91,Thu  04 May 2023 09:38:55 +0000,"20230504.0938.001","Underway Science seawater diaphragm pump","TOI discrete","NaN","NaN","NaN"," 40.261042"," -70.883670",,"aCieza1",,"hrs2303HS","20230504.0938.001","20230504.0938","2023/05/04 09:38:54","2023-05-04T09:38:55+00:00",
92,Thu  04 May 2023 13:27:54 +0000,"20230504.1327.001","Underwater PAR","deploy","NaN","L6","PAR07"," 40.365383"," -70.880447",,"tCrockford1","CTD09","hrs2303HS","20230504.1327.001","20230504.1327","2023/05/04 13:27:50","2023-05-04T13:27:54+00:00"," & Fri May  5 15:23:10 2023 & Fri May  5 15:23:22 2023 & Fri May  5 15:25:49 2023"
93,Thu  04 May 2023 13:29:45 +0000,"20230504.1329.001","Underwater PAR","abort","NaN","L6","PAR07"," 40.364703"," -70.881330",,"tCrockford1","max depth around 14m due to drag","hrs2303HS","20230504.1329.001","20230504.1329","2023/05/04 13:29:38","2023-05-04T13:29:45+00:00"," & Fri May  5 15:23:31 2023 & Fri May  5 15:31:22 2023"
94,Thu  04 May 2023 13:35:10 +0000,"20230504.1334.001","Underwater PAR","deploy","NaN","L6","PAR08"," 40.364433"," -70.881647",,"tCrockford1","CTD09; ship in better position for meter to get to depth","hrs2303HS","20230504.1334.001","20230504.1330","2023/05/04 13:30:08","2023-05-04T13:30:10+00:00"," & Thu May  4 13:38:03 2023 & Fri May  5 15:23:45 2023 & Fri May  5 15:26:59 2023"
95,Thu  04 May 2023 13:37:23 +0000,"20230504.1335.001","Underwater PAR","recover","NaN","L6","PAR08"," 40.363210"," -70.884068",,"tCrockford1","max depth about 78m","hrs2303HS","20230504.1335.001","20230504.1337","2023/05/04 13:37:24","2023-05-04T13:37:23+00:00"," & Fri May  5 15:24:10 2023 & Fri May  5 15:26:23 2023"
96,Thu  04 May 2023 14:18:18 +0000,"20230504.1417.001","CTD911","deploy","NaN","L6","09"," 40.362267"," -70.887308",,"tCrockford1",,"hrs2303HS","20230504.1417.001","20230504.1347","2023/05/04 13:46:54","2023-05-04T13:47:00+00:00"," & Thu May  4 14:18:35 2023"
97,Thu  04 May 2023 16:42:41 +0000,"20230504.1641.001","Bongo Net","deploy","NaN","L6","B09"," 40.365737"," -70.882988",,"mFerguson1",,"hrs2303HS","20230504.1641.001","20230504.1429","2023/05/04 14:29:24","2023-05-04T14:29:18+00:00"," & Thu May  4 20:07:56 2023 & Fri May  5 14:23:50 2023"
98,Thu  04 May 2023 16:44:46 +0000,"20230504.1642.001","Bongo Net","recover","NaN","L6","B09"," 40.370293"," -70.878892",,"mFerguson1",,"hrs2303HS","20230504.1642.001","20230504.1440","2023/05/04 14:39:54","2023-05-04T14:40:00+00:00"," & Thu May  4 20:08:12 2023 & Fri May  5 14:24:00 2023"
99,Thu  04 May 2023 16:45:56 +0000,"20230504.1645.001","Sting Ray","recover","NaN","L5.5","tow01"," 40.459927"," -70.881962",,"hSosik1",,"hrs2303HS","hrs2303HS-SE-20230504.1645.001","20230504.1215","2023/05/04 12:14:53","2023-05-04T12:15:00+00:00",
100,Thu  04 May 2023 18:11:35 +0000,"20230504.1811.001","SUNAV2","sync time","NaN","NaN","NaN"," 40.688665"," -70.883625",,"tCrockford1","0sec off. Did not need to sync. Prior to C10","hrs2303HS","20230504.1811.001","20230504.1811","2023/05/04 18:11:34","2023-05-04T18:11:35+00:00",
101,Thu  04 May 2023 19:16:19 +0000,"20230504.1915.001","Bongo Net","deploy","NaN","L4","B10"," 40.694782"," -70.888232",,"aCabanelas1",,"hrs2303HS","20230504.1915.001","20230504.1916","2023/05/04 19:16:24","2023-05-04T19:16:19+00:00"," & Thu May  4 20:07:28 2023 & Fri May  5 14:24:13 2023"
102,Thu  04 May 2023 19:28:37 +0000,"20230504.1928.001","Bongo Net","recover","NaN","L4","B10"," 40.694352"," -70.893990",,"aCabanelas1",,"hrs2303HS","20230504.1928.001","20230504.1928","2023/05/04 19:28:39","2023-05-04T19:28:37+00:00"," & Thu May  4 20:07:09 2023 & Fri May  5 14:24:25 2023"
103,Thu  04 May 2023 22:11:39 +0000,"20230504.2211.001","Underwater PAR","deploy","NaN","L3","PAR09"," 40.867138"," -70.884338",,"tCrockford1","CTD11","hrs2303HS","20230504.2211.001","20230504.2211","2023/05/04 22:11:39","2023-05-04T22:11:39+00:00"," & Fri May  5 15:24:31 2023 & Fri May  5 15:27:20 2023"
104,Thu  04 May 2023 22:14:42 +0000,"20230504.2214.001","Underwater PAR","recover","NaN","L3","PAR09"," 40.867195"," -70.884418",,"tCrockford1","max depth 56m which is bottom","hrs2303HS","20230504.2214.001","20230504.2214","2023/05/04 22:14:38","2023-05-04T22:14:42+00:00"," & Fri May  5 15:24:52 2023"
105,Thu  04 May 2023 23:23:36 +0000,"20230504.2323.001","Bongo Net","deploy","NaN","L3","B11"," 40.865677"," -70.883750",,"aCabanelas1",,"hrs2303HS","20230504.2323.001","20230504.2323","2023/05/04 23:23:38","2023-05-04T23:23:36+00:00"," & Fri May  5 14:24:49 2023"
106,Thu  04 May 2023 23:33:34 +0000,"20230504.2333.001","Bongo Net","recover","NaN","L3","B11"," 40.857547"," -70.890505",,"aCabanelas1",,"hrs2303HS","20230504.2333.001","20230504.2333","2023/05/04 23:33:38","2023-05-04T23:33:34+00:00"," & Fri May  5 14:25:01 2023"
107,Fri  05 May 2023 01:26:42 +0000,"20230505.0126.001","CTD911","deploy","NaN","L2","12"," 41.030820"," -70.883843",,"hSosik1",,"hrs2303HS","20230505.0126.001","20230505.0126","2023/05/05 01:26:38","2023-05-05T01:26:42+00:00"," & Fri May  5 14:14:54 2023"
108,Fri  05 May 2023 02:12:31 +0000,"20230505.0212.001","Bongo Net","deploy","NaN","L2","B12"," 41.029818"," -70.883513",,"aCabanelas1",,"hrs2303HS","20230505.0212.001","20230505.0212","2023/05/05 02:12:23","2023-05-05T02:12:31+00:00"," & Fri May  5 14:25:10 2023"
109,Fri  05 May 2023 02:23:00 +0000,"20230505.0222.001","Underway Science seawater diaphragm pump","TOI discrete","NaN","NaN","NaN"," 41.029000"," -70.883618",,"aCieza1",,"hrs2303HS","20230505.0222.001","20230505.0140","2023/05/05 01:40:23","2023-05-05T01:40:28+00:00",
110,Fri  05 May 2023 02:23:34 +0000,"20230505.0223.001","Underway Science seawater diaphragm pump","TOI discrete","NaN","NaN","NaN"," 41.028217"," -70.884017",,"aCieza1",,"hrs2303HS","20230505.0223.001","20230505.0142","2023/05/05 01:42:08","2023-05-05T01:42:03+00:00",
111,Fri  05 May 2023 02:25:22 +0000,"20230505.0225.001","Bongo Net","recover",,"L2","B12"," 41.028042"," -70.883852",,"iHonda1",,"hrs2303HS","hrs2303HS-SE-20230505.0225.001","20230505.0217","2023/05/05 02:16:53","2023-05-05T02:17:00+00:00"," & Fri May  5 14:25:18 2023"
112,Fri  05 May 2023 03:14:39 +0000,"20230505.0314.001","Underway Science seawater diaphragm pump","TOI discrete","NaN","NaN","NaN"," 40.950503"," -70.886750",,"aCieza1",,"hrs2303HS","20230505.0314.001","20230505.0314","2023/05/05 03:14:39","2023-05-05T03:14:39+00:00",
113,Fri  05 May 2023 04:21:21 +0000,"20230505.0420.001","Underway Science seawater diaphragm pump","TOI discrete","NaN","NaN","NaN"," 40.863148"," -70.880913",,"aCieza1",,"hrs2303HS","20230505.0420.001","20230505.0421","2023/05/05 04:21:20","2023-05-05T04:21:21+00:00",
114,Fri  05 May 2023 05:25:29 +0000,"20230505.0525.001","Underway Science seawater diaphragm pump","TOI discrete","NaN","NaN","NaN"," 40.778500"," -70.884043",,"aCieza1",,"hrs2303HS","20230505.0525.001","20230505.0525","2023/05/05 05:25:28","2023-05-05T05:25:29+00:00",
115,Fri  05 May 2023 06:29:47 +0000,"20230505.0629.001","Underway Science seawater diaphragm pump","TOI discrete","NaN","NaN","NaN"," 40.691033"," -70.883687",,"aCieza1",,"hrs2303HS","20230505.0629.001","20230505.0629","2023/05/05 06:29:46","2023-05-05T06:29:47+00:00",
116,Fri  05 May 2023 08:53:02 +0000,"20230505.0852.001","Underway Science seawater diaphragm pump","DO discrete","NaN","NaN","NaN"," 40.500242"," -70.883283",,"aCieza1",,"hrs2303HS","20230505.0852.001","20230505.0853","2023/05/05 08:53:01","2023-05-05T08:53:02+00:00",
117,Fri  05 May 2023 08:53:32 +0000,"20230505.0853.001","Underway Science seawater diaphragm pump","DO discrete","NaN","NaN","NaN"," 40.504987"," -70.883647",,"aCieza1",,"hrs2303HS","20230505.0853.001","20230505.0849","2023/05/05 08:49:08","2023-05-05T08:49:05+00:00",
118,Fri  05 May 2023 08:53:56 +0000,"20230505.0853.002","Underway Science seawater diaphragm pump","DO discrete","NaN","NaN","NaN"," 40.510435"," -70.884023",,"aCieza1",,"hrs2303HS","20230505.0853.002","20230505.0844","2023/05/05 08:44:38","2023-05-05T08:44:34+00:00",
119,Fri  05 May 2023 08:56:04 +0000,"20230505.0855.001","Underway Science seawater diaphragm pump","DO discrete","NaN","NaN","NaN"," 40.240933"," -70.881718",,"aCieza1",,"hrs2303HS","20230505.0855.001","20230504.0922","2023/05/04 09:22:06","2023-05-04T09:22:14+00:00",
120,Fri  05 May 2023 08:56:27 +0000,"20230505.0856.001","Underway Science seawater diaphragm pump","DO discrete","NaN","NaN","NaN"," 40.243525"," -70.881712",,"aCieza1",,"hrs2303HS","20230505.0856.001","20230504.0924","2023/05/04 09:24:06","2023-05-04T09:24:06+00:00",
121,Fri  05 May 2023 08:57:11 +0000,"20230505.0856.002","Underway Science seawater diaphragm pump","DO discrete","NaN","NaN","NaN"," 40.247937"," -70.881905",,"aCieza1",,"hrs2303HS","20230505.0856.002","20230504.0927","2023/05/04 09:27:36","2023-05-04T09:27:31+00:00",
122,Fri  05 May 2023 10:30:41 +0000,"20230505.1028.001","Sting Ray","deploy towed","NaN","L5.5","tow02"," 40.440560"," -70.907113",,"mFerguson1",,"hrs2303HS","20230505.1028.001","20230505.1025","2023/05/05 10:25:53","2023-05-05T10:25:54+00:00"," & Fri May  5 14:26:29 2023"
123,Fri  05 May 2023 11:59:49 +0000,"20230505.1158.001","Underway Science seawater diaphragm pump","TOI discrete","NaN","NaN","NaN"," 40.435305"," -70.908315",,"fShigihara1",,"hrs2303HS","20230505.1158.001","20230505.1032","2023/05/05 10:31:53","2023-05-05T10:32:00+00:00",
124,Fri  05 May 2023 12:00:47 +0000,"20230505.1159.001","Underway Science seawater diaphragm pump","TOI discrete","NaN","NaN","NaN"," 40.501967"," -70.883278",,"fShigihara1",,"hrs2303HS","20230505.1159.001","20230505.1134","2023/05/05 11:33:54","2023-05-05T11:34:00+00:00",
125,Fri  05 May 2023 12:01:47 +0000,"20230505.1200.001","Underway Science seawater diaphragm pump","TOI discrete","NaN","NaN","NaN"," 40.156460"," -70.882027",,"fShigihara1",,"hrs2303HS","20230505.1200.001","20230503.1124","2023/05/03 11:23:52","2023-05-03T11:24:00+00:00",
126,Fri  05 May 2023 12:02:25 +0000,"20230505.1201.001","Underway Science seawater diaphragm pump","TOI discrete","NaN","NaN","NaN"," 40.155047"," -70.884358",,"fShigihara1",,"hrs2303HS","20230505.1201.001","20230503.1126","2023/05/03 11:25:52","2023-05-03T11:26:00+00:00",
127,Fri  05 May 2023 12:03:14 +0000,"20230505.1202.001","Underway Science seawater diaphragm pump","TOI discrete","NaN","NaN","NaN"," 40.363580"," -70.892268",,"fShigihara1",,"hrs2303HS","20230505.1202.001","20230504.1411","2023/05/04 14:10:53","2023-05-04T14:11:00+00:00",
128,Fri  05 May 2023 12:04:05 +0000,"20230505.1203.001","Underway Science seawater diaphragm pump","TOI discrete","NaN","NaN","NaN"," 40.363958"," -70.892455",,"fShigihara1",,"hrs2303HS","20230505.1203.001","20230504.1413","2023/05/04 14:12:53","2023-05-04T14:13:00+00:00",
129,Fri  05 May 2023 12:04:49 +0000,"20230505.1204.001","Underway Science seawater diaphragm pump","TOI discrete","NaN","NaN","NaN"," 40.696610"," -70.886722",,"fShigihara1",,"hrs2303HS","20230505.1204.001","20230504.1850","2023/05/04 18:49:54","2023-05-04T18:50:00+00:00",
130,Fri  05 May 2023 12:05:28 +0000,"20230505.1204.002","Underway Science seawater diaphragm pump","TOI discrete","NaN","NaN","NaN"," 40.696385"," -70.886838",,"fShigihara1",,"hrs2303HS","20230505.1204.002","20230504.1852","2023/05/04 18:51:54","2023-05-04T18:52:00+00:00",
131,Fri  05 May 2023 12:46:47 +0000,"20230505.1246.001","ADCP300","stop","NaN","NaN","NaN"," 40.605358"," -70.884915",,"mSato2",,"hrs2303HS","20230505.1246.001","20230505.1246","2023/05/05 12:46:46","2023-05-05T12:46:47+00:00",
132,Fri  05 May 2023 12:48:11 +0000,"20230505.1247.001","ADCP300","start","NaN","NaN","NaN"," 40.607238"," -70.884912",,"mSato2",,"hrs2303HS","20230505.1247.001","20230505.1248","2023/05/05 12:48:10","2023-05-05T12:48:11+00:00",
133,Fri  05 May 2023 12:54:24 +0000,"20230505.1253.001","Underway Science seawater diaphragm pump","TOI discrete","NaN","NaN","NaN"," 40.609647"," -70.884955",,"fShigihara1",,"hrs2303HS","20230505.1253.001","20230505.1250","2023/05/05 12:49:54","2023-05-05T12:50:00+00:00",
134,Fri  05 May 2023 13:54:34 +0000,"20230505.1353.001","Underway Science seawater diaphragm pump","TOI discrete","NaN","NaN","NaN"," 40.688952"," -70.881970",,"fShigihara1",,"hrs2303HS","20230505.1353.001","20230505.1348","2023/05/05 13:47:54","2023-05-05T13:48:00+00:00",
135,Fri  05 May 2023 14:18:58 +0000,"20230505.1418.001","CTD911","deploy","NaN","L4","10"," 40.698063"," -70.885163",,"tCrockford1",,"hrs2303HS","20230505.1418.001","20230504.1837","2023/05/04 18:36:53","2023-05-04T18:37:00+00:00",
136,Fri  05 May 2023 14:20:19 +0000,"20230505.1419.001","CTD911","deploy","NaN","L3","11"," 40.865530"," -70.886518",,"tCrockford1",,"hrs2303HS","20230505.1419.001","20230504.2220","2023/05/04 22:19:53","2023-05-04T22:20:00+00:00",
137,Fri  05 May 2023 14:29:35 +0000,"20230505.1429.001","IFCB continuous","start","NaN","NaN","NaN"," 41.421150"," -70.828642",,"tCrockford1",,"hrs2303HS","hrs2303HS-SE-20230505.1429.001","20230502.1729","2023/05/02 17:28:51","2023-05-02T17:29:00+00:00"," & Fri May  5 14:30:14 2023 & Fri May  5 14:31:11 2023"
138,Fri  05 May 2023 14:38:33 +0000,"20230505.1437.001","EIMS","start","NaN","NaN","NaN"," 41.367655"," -70.869267",,"fShigihara1",,"hrs2303HS","20230505.1437.001","20230429.0519","2023/04/29 05:18:51","2023-04-29T05:19:00+00:00",
139,Fri  05 May 2023 14:39:08 +0000,"20230505.1439.001","Underway Science seawater diaphragm pump","IFCB discrete","NaN","NaN","UW2"," 40.759668"," -70.884462",,"tCrockford1","run on both IFCB102 and IFCB115","hrs2303HS","hrs2303HS-SE-20230505.1439.001","20230505.1439","2023/05/05 14:39:07","2023-05-05T14:39:08+00:00",
140,Fri  05 May 2023 14:42:42 +0000,"20230505.1442.001","Underway Science seawater diaphragm pump","start","NaN","NaN","NaN"," 41.509927"," -70.669842",,"tCrockford1",,"hrs2303HS","hrs2303HS-SE-20230505.1442.001","20230429.0334","2023/04/29 03:33:52","2023-04-29T03:34:00+00:00"," & Fri May  5 14:43:25 2023 & Fri May  5 14:43:36 2023 & Fri May  5 14:45:39 2023"
141,Fri  05 May 2023 14:43:55 +0000,"20230505.1443.001","Underway Science seawater diaphragm pump","TOI discrete","NaN","NaN","NaN"," 40.763832"," -70.884553",,"fShigihara1",,"hrs2303HS","20230505.1443.001","20230505.1442","2023/05/05 14:42:09","2023-05-05T14:42:15+00:00",
142,Fri  05 May 2023 14:44:19 +0000,"20230505.1444.001","Fluorometers on underway impeller","start","NaN","NaN","NaN"," 41.509927"," -70.669842",,"tCrockford1","time entered is from TSG start time","hrs2303HS","hrs2303HS-SE-20230505.1444.001","20230429.0334","2023/04/29 03:33:52","2023-04-29T03:34:00+00:00"," & Fri May  5 14:44:27 2023"
143,Fri  05 May 2023 14:44:58 +0000,"20230505.1444.002","Underway Science seawater impeller","start","NaN","NaN","NaN"," 41.509927"," -70.669842",,"tCrockford1","time entered is from TSG start time","hrs2303HS","20230505.1444.001","20230429.0334","2023/04/29 03:33:52","2023-04-29T03:34:00+00:00",
144,Fri  05 May 2023 14:47:14 +0000,"20230505.1447.001","Fluorometers on underway impeller","start","NaN","NaN","NaN"," 41.506810"," -70.667908",,"tCrockford1","time entered is from Diaphragm pump start time","hrs2303HS","hrs2303HS-SE-20230505.1447.001","20230502.1324","2023/05/02 13:23:51","2023-05-02T13:24:00+00:00"," & Fri May  5 14:48:03 2023"
145,Fri  05 May 2023 14:49:36 +0000,"20230505.1449.001","Thermosalinographs on underway impeller","start","NaN","NaN","NaN"," 41.506810"," -70.667908",,"tCrockford1","time entered is from Diaphragm pump start time","hrs2303HS","hrs2303HS-SE-20230505.1449.001","20230502.1324","2023/05/02 13:23:51","2023-05-02T13:24:00+00:00",
146,Fri  05 May 2023 14:50:16 +0000,"20230505.1450.001","Underway Science seawater impeller","start","NaN","NaN","NaN"," 41.506810"," -70.667908",,"tCrockford1","time entered is from Diaphragm pump start time","hrs2303HS","hrs2303HS-SE-20230505.1450.001","20230502.1324","2023/05/02 13:23:51","2023-05-02T13:24:00+00:00",
147,Fri  05 May 2023 15:29:25 +0000,"20230505.1529.001","Underwater PAR","other","NaN","L4","NaN"," 40.698063"," -70.885163",,"tCrockford1","CTD10; no PAR cast due to sea state","hrs2303HS","hrs2303HS-SE-20230505.1529.001","20230504.1837","2023/05/04 18:36:53","2023-05-04T18:37:00+00:00"," & Fri May  5 15:29:52 2023 & Fri May  5 15:31:05 2023"
148,Fri  05 May 2023 15:37:22 +0000,"20230505.1536.001","Isaacs-Kidd Midwater Trawl","stopSample","NaN","L10","03"," 39.899080"," -70.886517",,"mSato2",,"hrs2303HS","20230505.1536.001","20230503.1726","2023/05/03 17:25:51","2023-05-03T17:26:00+00:00"," & Fri May  5 15:38:04 2023"
149,Fri  05 May 2023 15:39:27 +0000,"20230505.1538.001","Isaacs-Kidd Midwater Trawl","stopSample","NaN","L11","04"," 39.764172"," -70.887530",,"mSato2",,"hrs2303HS","20230505.1538.001","20230503.2226","2023/05/03 22:25:51","2023-05-03T22:26:00+00:00",
150,Fri  05 May 2023 16:03:18 +0000,"20230505.1602.001","Underway Science seawater diaphragm pump","TOI discrete","NaN","NaN","NaN"," 40.869020"," -70.883595",,"fShigihara1",,"hrs2303HS","20230505.1602.001","20230505.1600","2023/05/05 16:00:40","2023-05-05T16:00:42+00:00",
151,Fri  05 May 2023 17:06:11 +0000,"20230505.1705.001","Underway Science seawater diaphragm pump","TOI discrete","NaN","NaN","NaN"," 40.951922"," -70.884882",,"fShigihara1",,"hrs2303HS","20230505.1705.001","20230505.1702","2023/05/05 17:02:40","2023-05-05T17:02:41+00:00",
152,Fri  05 May 2023 18:13:40 +0000,"20230505.1813.001","Underway Science seawater diaphragm pump","TOI discrete","NaN","NaN","NaN"," 41.035942"," -70.883955",,"fShigihara1",,"hrs2303HS","20230505.1813.001","20230505.1805","2023/05/05 18:05:10","2023-05-05T18:05:07+00:00",
153,Fri  05 May 2023 18:14:30 +0000,"20230505.1813.002","Underway Science seawater diaphragm pump","DO discrete","NaN","NaN","NaN"," 41.027050"," -70.884078",,"fShigihara1",,"hrs2303HS","20230505.1813.002","20230505.1758","2023/05/05 17:58:40","2023-05-05T17:58:42+00:00",
154,Fri  05 May 2023 18:15:03 +0000,"20230505.1814.001","Underway Science seawater diaphragm pump","DO discrete","NaN","NaN","NaN"," 41.029428"," -70.884003",,"fShigihara1",,"hrs2303HS","20230505.1814.001","20230505.1800","2023/05/05 18:00:25","2023-05-05T18:00:32+00:00",
155,Fri  05 May 2023 18:15:28 +0000,"20230505.1815.001","Underway Science seawater diaphragm pump","DO discrete","NaN","NaN","NaN"," 41.035597"," -70.883948",,"fShigihara1",,"hrs2303HS","20230505.1815.001","20230505.1805","2023/05/05 18:04:55","2023-05-05T18:05:04+00:00",
156,Fri  05 May 2023 19:05:55 +0000,"20230505.1905.001","Underway Science seawater diaphragm pump","TOI discrete","NaN","NaN","NaN"," 41.116777"," -70.883303",,"fShigihara1",,"hrs2303HS","20230505.1905.001","20230505.1905","2023/05/05 19:05:25","2023-05-05T19:05:26+00:00",
157,Fri  05 May 2023 20:08:01 +0000,"20230505.2007.001","Underway Science seawater diaphragm pump","TOI discrete","NaN","NaN","NaN"," 41.193115"," -70.892267",,"fShigihara1",,"hrs2303HS","20230505.2007.001","20230505.2006","2023/05/05 20:06:26","2023-05-05T20:06:32+00:00",
158,Fri  05 May 2023 22:27:13 +0000,"20230505.2226.001","EIMS","stop","NaN","NaN","NaN"," 41.431138"," -70.794397",,"fShigihara1",,"hrs2303HS","20230505.2226.001","20230505.2226","2023/05/05 22:26:56","2023-05-05T22:26:57+00:00",
159,Fri  05 May 2023 23:21:55 +0000,"20230505.2321.001","ADCP300","stop","NaN","NaN","NaN"," 41.500448"," -70.674020",,"hSosik1",,"hrs2303HS","20230505.2321.001","20230505.2321","2023/05/05 23:21:54","2023-05-05T23:21:55+00:00",
